City_ID,City,Country,Date,Lat,Lng,Max Temp,Humidity,Wind Speed
0,Jamestown,US,2022-02-08 08:11:52,42.097,-79.2353,31.32,100,3.53
1,Bluff,NZ,2022-02-08 08:14:37,-46.6,168.3333,52.81,83,16.15
2,Rikitea,PF,2022-02-08 08:14:37,-23.1203,-134.9692,78.91,75,14.52
3,Punta Arenas,CL,2022-02-08 08:14:38,-53.15,-70.9167,48.31,76,14.97
4,Chicama,PE,2022-02-08 08:14:38,-7.8447,-79.1469,69.46,78,3.29
5,Kosh-Agach,RU,2022-02-08 08:14:38,50.0,88.6667,-5.03,73,1.59
6,Port Elizabeth,ZA,2022-02-08 08:14:39,-33.918,25.5701,83.1,69,5.75
7,Tasiilaq,GL,2022-02-08 08:14:39,65.6145,-37.6368,19.56,86,5.68
8,Necochea,AR,2022-02-08 08:14:40,-38.5473,-58.7368,51.04,89,7.49
9,Ushuaia,AR,2022-02-08 08:14:40,-54.8,-68.3,47.73,97,3.18
10,Russell,US,2022-02-08 08:14:40,32.3502,-85.1999,42.4,90,0.0
11,Loanda,AO,2022-02-08 08:14:41,-8.8368,13.2343,80.6,69,5.75
12,Erdenet,MN,2022-02-08 08:14:41,49.0333,104.0833,13.69,76,2.42
13,Saint-Philippe,RE,2022-02-08 08:14:41,-21.3585,55.7679,83.79,85,12.48
14,Carutapera,BR,2022-02-08 08:14:42,-1.195,-46.02,75.78,91,4.18
15,Atuona,PF,2022-02-08 08:12:29,-9.8,-139.0333,78.28,75,18.32
16,Broken Hill,AU,2022-02-08 08:14:42,-31.95,141.4333,88.23,21,10.42
17,Sitka,US,2022-02-08 08:14:43,57.0531,-135.33,44.49,87,19.57
18,Saskylakh,RU,2022-02-08 08:14:43,71.9167,114.0833,-5.6,88,10.58
19,Pevek,RU,2022-02-08 08:14:43,69.7008,170.3133,-28.26,98,2.68
20,Meulaboh,ID,2022-02-08 08:14:44,4.1363,96.1285,84.24,64,5.97
21,Nerchinskiy Zavod,RU,2022-02-08 08:14:44,51.3088,119.61,4.03,96,3.13
22,Bredasdorp,ZA,2022-02-08 08:14:44,-34.5322,20.0403,75.27,64,2.3
23,Persianovskiy,RU,2022-02-08 08:14:45,47.5137,40.1075,39.72,75,15.66
24,Cayenne,GF,2022-02-08 08:14:45,4.9333,-52.3333,80.1,84,1.99
25,Hofn,IS,2022-02-08 08:14:45,64.2539,-15.2082,29.86,61,41.7
26,Katsuura,JP,2022-02-08 08:14:46,35.1333,140.3,48.18,79,6.02
27,Kodiak,US,2022-02-08 08:09:47,57.79,-152.4072,35.11,93,3.44
28,Muros,ES,2022-02-08 08:10:57,42.7762,-9.0603,50.23,72,5.46
29,Pandan,PH,2022-02-08 08:14:46,14.0453,124.1694,80.47,76,12.59
30,Yellowknife,CA,2022-02-08 08:12:38,62.456,-114.3525,-9.58,94,10.63
31,Cape Town,ZA,2022-02-08 08:14:14,-33.9258,18.4232,77.11,69,11.5
32,Itarema,BR,2022-02-08 08:11:11,-2.9248,-39.9167,77.45,83,6.96
33,Saldanha,ZA,2022-02-08 08:14:47,-33.0117,17.9442,71.65,79,11.05
34,De-Kastri,RU,2022-02-08 08:12:17,51.4667,140.7833,10.24,89,10.47
35,Northam,GB,2022-02-08 08:14:48,51.0333,-4.2167,51.39,89,16.11
36,Ancud,CL,2022-02-08 08:14:48,-41.8697,-73.8203,59.23,95,5.95
37,Mahon,ES,2022-02-08 08:14:48,39.8885,4.2658,50.56,71,18.41
38,Saint-Augustin,CA,2022-02-08 08:14:49,51.226,-58.6502,2.55,96,7.14
39,Jalu,LY,2022-02-08 08:14:49,29.0331,21.5482,62.49,22,8.72
40,Longyearbyen,SJ,2022-02-08 08:10:10,78.2186,15.6401,19.24,86,12.66
41,Caravelas,BR,2022-02-08 08:14:50,-17.7125,-39.2481,75.42,88,4.65
42,Stornoway,GB,2022-02-08 08:14:50,58.2093,-6.3865,39.16,88,14.97
43,Waipawa,NZ,2022-02-08 08:14:50,-41.4122,175.5153,65.44,95,4.68
44,Bathsheba,BB,2022-02-08 08:14:51,13.2167,-59.5167,75.81,73,12.66
45,Wilmington Island,US,2022-02-08 08:14:51,32.0036,-80.9737,46.98,75,3.44
46,Khasan,RU,2022-02-08 08:14:51,42.4308,130.6434,30.61,47,6.58
47,Norman Wells,CA,2022-02-08 08:14:52,65.282,-126.8329,-25.56,62,10.36
48,Upernavik,GL,2022-02-08 08:14:52,72.7868,-56.1549,-15.47,86,11.25
49,Surt,LY,2022-02-08 08:15:52,31.2089,16.5887,59.74,71,18.59
50,Port Alfred,ZA,2022-02-08 08:15:53,-33.5906,26.891,79.48,64,4.59
51,Novikovo,RU,2022-02-08 08:15:53,51.1537,37.8879,33.22,100,5.48
52,Lavrentiya,RU,2022-02-08 08:15:54,65.5833,-171.0,-29.27,93,10.49
53,Vao,NC,2022-02-08 08:15:54,-22.6667,167.4833,79.84,88,26.87
54,Soyo,AO,2022-02-08 08:15:54,-6.1349,12.3689,80.11,77,6.42
55,Qaanaaq,GL,2022-02-08 08:15:55,77.484,-69.3632,-8.81,85,5.1
56,Bangassou,CF,2022-02-08 08:15:55,4.7413,22.8184,83.88,12,5.35
57,Hithadhoo,MV,2022-02-08 08:15:56,-0.6,73.0833,82.63,68,14.79
58,Bridgetown,BB,2022-02-08 08:13:33,13.1,-59.6167,75.69,73,12.66
59,Mogwase,ZA,2022-02-08 08:15:56,-25.185,27.2665,78.1,43,7.38
60,Cidreira,BR,2022-02-08 08:15:56,-30.1811,-50.2056,64.24,84,8.72
61,Novoselitskoye,RU,2022-02-08 08:15:57,44.7508,43.4369,44.47,51,13.49
62,Busselton,AU,2022-02-08 08:15:57,-33.65,115.3333,70.05,58,10.31
63,Cherskiy,RU,2022-02-08 08:15:58,68.75,161.3,-36.94,100,1.74
64,Belyy Yar,RU,2022-02-08 08:15:58,53.6039,91.3903,3.09,78,4.47
65,Faya,SA,2022-02-08 08:15:58,18.3851,42.4509,64.51,45,7.36
66,Castro,BR,2022-02-08 08:15:59,-24.7911,-50.0119,61.47,90,5.44
67,Bambous Virieux,MU,2022-02-08 08:15:59,-20.3428,57.7575,85.21,70,13.8
68,Touros,BR,2022-02-08 08:15:59,-5.1989,-35.4608,76.1,69,9.48
69,Barrow,US,2022-02-08 08:16:00,71.2906,-156.7887,-29.18,100,8.05
70,Thompson,CA,2022-02-08 08:14:46,55.7435,-97.8558,15.96,86,4.61
71,Hermanus,ZA,2022-02-08 08:16:00,-34.4187,19.2345,75.79,75,6.46
72,Gualeguay,AR,2022-02-08 08:16:01,-33.1416,-59.3097,54.93,83,5.28
73,Albany,US,2022-02-08 08:15:06,42.6001,-73.9662,34.75,94,3.85
74,Chuy,UY,2022-02-08 08:16:01,-33.6971,-53.4616,60.93,77,6.33
75,Lebu,CL,2022-02-08 08:16:02,-37.6167,-73.65,58.05,87,14.25
76,Nanortalik,GL,2022-02-08 08:16:02,60.1432,-45.2371,10.98,65,52.9
77,Hilo,US,2022-02-08 08:15:13,19.7297,-155.09,67.8,91,4.61
78,Vaini,TO,2022-02-08 08:16:03,-21.2,-175.2,75.36,100,4.61
79,Dikson,RU,2022-02-08 08:16:03,73.5069,80.5464,5.95,91,24.63
80,Mar Del Plata,AR,2022-02-08 08:16:04,-38.0023,-57.5575,58.87,86,3.44
81,Bundaberg,AU,2022-02-08 08:16:04,-24.85,152.35,77.29,65,14.97
82,Taitung,TW,2022-02-08 08:16:05,22.7583,121.1444,68.27,73,6.91
83,Yenagoa,NG,2022-02-08 08:16:05,4.9247,6.2642,82.9,71,2.86
84,Ahuimanu,US,2022-02-08 08:16:05,21.4447,-157.8378,74.91,69,10.36
85,Santa Isabel Do Rio Negro,BR,2022-02-08 08:16:06,-0.4139,-65.0192,71.49,100,1.07
86,Cabo San Lucas,MX,2022-02-08 08:16:06,22.8909,-109.9124,66.51,56,4.21
87,Nabire,ID,2022-02-08 08:16:06,-3.3667,135.4833,83.95,73,3.0
88,Torbay,CA,2022-02-08 08:15:22,47.6666,-52.7314,26.58,89,11.5
89,Puerto Ayora,EC,2022-02-08 08:16:07,-0.7393,-90.3518,71.55,85,4.25
90,Hobart,AU,2022-02-08 08:16:07,-42.8794,147.3294,68.27,69,14.97
91,Vila Franca Do Campo,PT,2022-02-08 08:16:08,37.7167,-25.4333,59.2,80,6.76
92,Odda,NO,2022-02-08 08:16:09,60.0691,6.5457,42.76,97,10.65
93,Anori,BR,2022-02-08 08:16:09,-3.7728,-61.6442,72.61,95,2.01
94,Bubaque,GW,2022-02-08 08:16:10,11.2833,-15.8333,75.99,72,7.31
95,Nikolskoye,RU,2022-02-08 08:16:10,59.7035,30.7861,31.89,96,6.15
96,Kapaa,US,2022-02-08 08:17:10,22.0752,-159.319,74.12,79,16.11
97,Tuktoyaktuk,CA,2022-02-08 08:17:11,69.4541,-133.0374,-34.13,100,6.38
98,Benghazi,LY,2022-02-08 08:17:11,32.1167,20.0667,59.29,73,19.77
99,Puri,IN,2022-02-08 08:17:11,19.8,85.85,86.52,58,7.9
100,Ribeira Grande,PT,2022-02-08 08:17:12,38.5167,-28.7,59.4,67,9.22
101,Westport,US,2022-02-08 08:13:44,41.1415,-73.3579,38.34,94,10.36
102,Dothan,US,2022-02-08 08:17:09,31.2232,-85.3905,44.8,95,5.75
103,Airai,TL,2022-02-08 08:17:12,-8.9266,125.4092,67.28,88,1.52
104,Kampot,KH,2022-02-08 08:17:13,10.6167,104.1833,86.05,53,7.85
105,Kaitangata,NZ,2022-02-08 08:17:13,-46.2817,169.8464,58.93,89,5.17
106,East London,ZA,2022-02-08 08:16:13,-33.0153,27.9116,79.74,78,5.75
107,Mahebourg,MU,2022-02-08 08:17:14,-20.4081,57.7,85.24,70,13.8
108,Sabang,ID,2022-02-08 08:17:10,5.8933,95.3214,82.13,73,12.57
109,Provideniya,RU,2022-02-08 08:17:14,64.3833,-173.3,-17.0,83,11.05
110,San Quintin,MX,2022-02-08 08:17:15,30.4833,-115.95,59.16,35,1.52
111,Bud,US,2022-02-08 08:17:15,39.447,-86.1758,16.83,92,2.26
112,Mikuni,JP,2022-02-08 08:17:15,36.2171,136.1519,40.91,84,8.84
113,Ramgarh,IN,2022-02-08 08:15:37,23.6333,85.5167,78.85,21,6.22
114,Biltine,TD,2022-02-08 08:17:16,14.5333,20.9167,72.25,11,10.92
115,Lokomotivnyy,RU,2022-02-08 08:17:17,53.0118,60.5684,14.54,94,5.26
116,Iqaluit,CA,2022-02-08 08:17:17,63.7506,-68.5145,-4.27,64,9.22
117,Beloha,MG,2022-02-08 08:17:17,-25.1667,45.05,88.57,52,24.81
118,Shimoda,JP,2022-02-08 08:17:18,34.6667,138.95,42.1,53,11.7
119,Coria,ES,2022-02-08 08:17:18,39.9879,-6.5377,39.69,69,4.76
120,Gimli,CA,2022-02-08 08:17:18,50.6336,-96.9907,20.12,92,10.36
121,Tamala,RU,2022-02-08 08:17:19,52.541,43.2515,29.5,96,11.32
122,Atambua,ID,2022-02-08 08:17:19,-9.1061,124.8925,79.97,80,2.55
123,Mazyr,BY,2022-02-08 08:17:20,52.0495,29.2456,29.53,86,12.3
124,Bethel,US,2022-02-08 08:17:20,41.3712,-73.414,37.09,93,5.41
125,Coquimbo,CL,2022-02-08 08:17:21,-29.9533,-71.3436,60.53,82,3.44
126,Colonial Heights,US,2022-02-08 08:16:37,37.268,-77.4073,37.99,95,4.61
127,Alice Springs,AU,2022-02-08 08:17:21,-23.7,133.8833,96.22,43,6.91
128,Rawson,AR,2022-02-08 08:17:22,-43.3002,-65.1023,74.73,29,9.51
129,Novyy Urengoy,RU,2022-02-08 08:17:22,66.0833,76.6333,-5.98,92,13.13
130,Mataura,NZ,2022-02-08 08:17:22,-46.1927,168.8643,52.48,83,1.45
131,La Ronge,CA,2022-02-08 08:17:23,55.1001,-105.2842,35.85,87,16.11
132,Miri,MY,2022-02-08 08:17:23,4.4148,114.0089,84.34,89,6.91
133,Aklavik,CA,2022-02-08 08:17:24,68.2191,-135.0107,-35.57,95,2.19
134,Buraydah,SA,2022-02-08 08:17:24,26.326,43.975,61.25,27,4.7
135,Campbell River,CA,2022-02-08 08:15:28,50.0163,-125.2446,42.46,92,3.04
136,Arraial Do Cabo,BR,2022-02-08 08:17:25,-22.9661,-42.0278,74.88,92,8.28
137,Nove Mesto Pod Smrkem,CZ,2022-02-08 08:17:25,50.9249,15.2294,36.7,74,9.84
138,Kusa,RU,2022-02-08 08:17:25,55.3383,59.4406,17.74,83,3.24
139,Itoman,JP,2022-02-08 08:17:26,26.1247,127.6694,68.4,76,25.32
140,Comodoro Rivadavia,AR,2022-02-08 08:15:42,-45.8667,-67.5,73.26,38,14.97
141,Baruun-Urt,MN,2022-02-08 08:18:26,46.6806,113.2792,14.52,64,18.61
142,Show Low,US,2022-02-08 08:18:27,34.2542,-110.0298,26.62,63,0.0
143,Vardo,NO,2022-02-08 08:15:43,70.3705,31.1107,25.0,86,25.32
144,Drumheller,CA,2022-02-08 08:16:52,51.4617,-112.7101,42.66,74,2.3
145,Chokurdakh,RU,2022-02-08 08:18:28,70.6333,147.9167,-43.71,100,5.41
146,Faanui,PF,2022-02-08 08:18:28,-16.4833,-151.75,81.48,79,19.19
147,Bandarbeyla,SO,2022-02-08 08:18:29,9.4942,50.8122,79.21,59,17.85
148,Pauini,BR,2022-02-08 08:18:29,-7.7136,-66.9764,71.33,99,2.15
149,Mocajuba,BR,2022-02-08 08:18:29,-2.5842,-49.5072,71.85,99,0.65
150,Susehri,TR,2022-02-08 08:18:30,40.1644,38.0867,27.03,86,5.86
151,Tiksi,RU,2022-02-08 08:18:30,71.6872,128.8694,-25.02,99,5.53
152,Constitucion,CL,2022-02-08 08:18:31,-35.3333,-72.4167,59.54,71,5.21
153,Quesnel,CA,2022-02-08 08:15:05,52.9999,-122.5029,34.3,69,5.75
154,Severo-Kurilsk,RU,2022-02-08 08:18:31,50.6789,156.125,30.25,92,16.51
155,Thunder Bay,CA,2022-02-08 08:15:28,48.4001,-89.3168,22.55,85,1.14
156,Srednekolymsk,RU,2022-02-08 08:18:32,67.45,153.6833,-39.39,99,4.88
157,Dali,CN,2022-02-08 08:18:32,25.7,100.1833,56.55,34,11.16
158,Vasilsursk,RU,2022-02-08 08:18:32,56.1275,46.0072,25.36,94,8.5
159,Butaritari,KI,2022-02-08 08:15:19,3.0707,172.7902,82.62,76,17.78
160,Saint-Pierre,RE,2022-02-08 08:18:33,-21.3393,55.4781,83.88,70,5.75
161,Georgetown,MY,2022-02-08 08:15:12,5.4112,100.3354,91.33,79,8.05
162,Petropavlovsk-Kamchatskiy,RU,2022-02-08 08:18:33,53.0452,158.6483,25.39,100,4.47
163,Mount Gambier,AU,2022-02-08 08:18:34,-37.8333,140.7667,82.31,24,17.27
164,Betul,IN,2022-02-08 08:18:34,21.9153,77.8961,82.4,20,7.38
165,Tsevie,TG,2022-02-08 08:18:34,6.4261,1.2133,80.91,75,3.38
166,Avarua,CK,2022-02-08 08:15:19,-21.2078,-159.775,77.05,88,6.91
167,Svetlogorsk,BY,2022-02-08 08:18:35,52.6333,29.7333,29.46,86,10.92
168,Una,IN,2022-02-08 08:18:35,20.8167,71.0333,78.76,38,7.85
169,Te Horo,NZ,2022-02-08 08:18:36,-40.8084,175.1233,68.86,88,1.01
170,Bytow,PL,2022-02-08 08:18:36,54.1706,17.4919,38.7,86,14.03
171,Tres Arroyos,AR,2022-02-08 08:18:37,-38.3739,-60.2798,54.36,84,8.61
172,Yumen,CN,2022-02-08 08:18:37,40.2833,97.2,29.53,32,15.32
173,Olafsvik,IS,2022-02-08 08:17:27,64.8945,-23.7142,34.66,89,30.51
174,Alofi,NU,2022-02-08 08:18:38,-19.0595,-169.9187,73.29,100,3.44
175,Lasa,IT,2022-02-08 08:18:38,46.6166,10.7002,33.26,63,8.37
176,Port-Gentil,GA,2022-02-08 08:18:38,-0.7193,8.7815,80.42,79,7.25
177,Ranau,MY,2022-02-08 08:18:39,5.9538,116.6641,81.25,84,2.33
178,New Norfolk,AU,2022-02-08 08:18:39,-42.7826,147.0587,67.91,51,1.01
179,Kalianget,ID,2022-02-08 08:18:40,-7.05,113.9333,84.06,74,14.03
180,Thinadhoo,MV,2022-02-08 08:18:40,0.5333,72.9333,82.63,70,15.1
181,Uray,RU,2022-02-08 08:18:40,60.1247,64.7758,7.97,91,7.74
182,Nassau,US,2022-02-08 08:15:28,40.7507,-73.5829,38.19,92,9.22
183,Great Yarmouth,GB,2022-02-08 08:19:41,52.6083,1.7305,50.25,84,20.94
184,San Patricio,US,2022-02-08 08:19:42,28.017,-97.5169,51.84,60,5.66
185,Tilichiki,RU,2022-02-08 08:19:42,60.4667,166.1,-12.32,86,8.19
186,Swan Hill,AU,2022-02-08 08:17:29,-35.3378,143.5544,88.39,18,8.41
187,Ekhabi,RU,2022-02-08 08:19:42,53.5102,142.9671,12.6,94,20.67
188,Yermakovskoye,RU,2022-02-08 08:19:43,53.2831,92.4003,13.95,86,2.89
189,Hueyapan,MX,2022-02-08 08:19:43,18.8667,-98.6667,57.09,72,3.8
190,Port Lincoln,AU,2022-02-08 08:19:44,-34.7333,135.8667,68.9,63,16.15
191,Fuxin,CN,2022-02-08 08:19:44,42.0156,121.6589,31.3,40,2.51
192,Lewisporte,CA,2022-02-08 08:19:44,49.2499,-55.0482,24.55,90,8.88
193,Souillac,MU,2022-02-08 08:19:45,-20.5167,57.5167,84.58,70,13.8
194,Asau,RO,2022-02-08 08:19:45,46.4333,26.4,36.52,67,10.83
195,Praia Da Vitoria,PT,2022-02-08 08:19:45,38.7333,-27.0667,57.76,94,3.33
196,Sandviken,SE,2022-02-08 08:19:46,60.6167,16.7667,36.43,89,5.73
197,Tessalit,ML,2022-02-08 08:19:46,20.1986,1.0114,65.89,11,5.84
198,Izumo,JP,2022-02-08 08:19:46,35.3667,132.7667,44.49,65,11.5
199,Byron Bay,AU,2022-02-08 08:19:47,-28.65,153.6167,76.05,66,6.98
200,Vigo,ES,2022-02-08 08:19:00,42.2328,-8.7226,49.51,63,5.75
201,Victoria,HK,2022-02-08 08:19:47,22.2855,114.1577,66.18,73,4.0
202,Anadyr,RU,2022-02-08 08:19:48,64.75,177.4833,-25.1,75,15.66
203,Pangnirtung,CA,2022-02-08 08:19:48,66.1451,-65.7125,-15.59,94,5.61
204,Kulhudhuffushi,MV,2022-02-08 08:19:49,6.6221,73.07,81.34,67,13.8
205,Blackwater,AU,2022-02-08 08:19:49,-23.5833,148.8833,82.72,40,2.39
206,Ejido,VE,2022-02-08 08:19:49,8.5514,-71.2375,64.29,92,3.06
207,Escanaba,US,2022-02-08 08:19:50,45.7453,-87.0646,18.03,87,0.0
208,Curup,ID,2022-02-08 08:19:50,-3.4667,102.5333,76.35,82,3.24
209,Hamilton,US,2022-02-08 08:15:40,39.1834,-84.5333,20.05,87,0.0
210,Buala,SB,2022-02-08 08:19:50,-8.145,159.5921,80.98,84,7.54
211,Marawi,PH,2022-02-08 08:19:51,7.9986,124.2928,71.65,88,5.03
212,Dingle,PH,2022-02-08 08:19:51,10.9995,122.6711,83.01,70,13.33
213,Fairbanks,US,2022-02-08 08:19:52,64.8378,-147.7164,-0.06,72,4.61
214,Yelnya,RU,2022-02-08 08:19:52,54.5786,33.1837,30.04,86,10.47
215,Nioro,GM,2022-02-08 08:19:52,13.35,-15.75,70.52,41,3.98
216,Patacamaya,BO,2022-02-08 08:19:53,-17.2333,-67.9167,43.27,86,7.94
217,Kavieng,PG,2022-02-08 08:19:53,-2.5744,150.7967,83.7,74,8.43
218,Gulfport,US,2022-02-08 08:18:48,30.3674,-89.0928,42.85,71,9.22
219,Am Timan,TD,2022-02-08 08:19:54,11.0297,20.2827,77.36,12,10.0
220,Pecos,US,2022-02-08 08:19:54,31.4229,-103.4932,41.31,63,4.61
221,Urucui,BR,2022-02-08 08:19:54,-7.2294,-44.5561,72.68,92,2.01
222,Luderitz,NA,2022-02-08 08:19:55,-26.6481,15.1594,82.54,52,4.36
223,Codrington,AU,2022-02-08 08:19:55,-38.2667,141.9667,87.4,20,12.44
224,Tandalti,SD,2022-02-08 08:19:56,13.0167,31.8667,77.47,17,13.11
225,Gua Musang,MY,2022-02-08 08:19:56,4.8823,101.9644,76.62,97,2.82
226,Honiara,SB,2022-02-08 08:15:19,-9.4333,159.95,77.4,92,5.39
227,Dunedin,NZ,2022-02-08 08:19:56,-45.8742,170.5036,56.8,78,7.2
228,Bellevue,US,2022-02-08 08:15:28,47.6104,-122.2007,45.91,87,5.99
229,Tiznit,MA,2022-02-08 08:19:57,29.5833,-9.5,60.17,30,11.01
230,Amapa,BR,2022-02-08 08:19:57,1.0,-52.0,70.56,99,1.52
231,Omsukchan,RU,2022-02-08 08:20:58,62.5333,155.8,-21.33,78,2.86
232,Saint-Joseph,RE,2022-02-08 08:20:58,-21.3667,55.6167,82.78,82,10.4
233,High Level,CA,2022-02-08 08:20:59,58.5169,-117.136,3.31,85,11.5
234,Gaogou,CN,2022-02-08 08:20:59,34.0175,119.1886,44.85,31,4.0
235,Kagoro,NG,2022-02-08 08:20:59,9.6,8.3833,77.79,18,6.15
236,Tsaratanana,MG,2022-02-08 08:21:00,-16.7833,47.65,83.5,66,5.95
237,Adrar,MR,2022-02-08 08:21:00,20.5022,-10.0711,61.16,13,10.04
238,Mandalgovi,MN,2022-02-08 08:21:00,45.7625,106.2708,18.3,37,16.55
239,Tateyama,JP,2022-02-08 08:21:01,34.9833,139.8667,48.09,67,5.17
240,Bajos De Haina,DO,2022-02-08 08:18:09,18.4154,-70.0332,71.22,91,5.86
241,Eyemouth,GB,2022-02-08 08:21:01,55.8713,-2.0901,48.24,73,22.1
242,Ponta Do Sol,PT,2022-02-08 08:21:02,32.6667,-17.1,64.71,61,8.23
243,Kavaratti,IN,2022-02-08 08:21:02,10.5669,72.642,79.16,70,11.36
244,Osoyoos,CA,2022-02-08 08:16:55,49.0331,-119.4524,39.34,92,2.3
245,Ilulissat,GL,2022-02-08 08:21:03,69.2167,-51.1,-0.38,78,16.11
246,Maxixe,MZ,2022-02-08 08:21:03,-23.8597,35.3472,84.02,74,9.22
247,Pisco,PE,2022-02-08 08:21:03,-13.7,-76.2167,66.02,94,3.44
248,Odweyne,SO,2022-02-08 08:21:04,9.4092,45.064,79.75,25,7.87
249,Coihaique,CL,2022-02-08 08:19:14,-45.5752,-72.0662,52.41,54,3.44
250,Gourcy,BF,2022-02-08 08:21:05,13.2167,-2.35,70.45,12,14.09
251,Coahuayana,MX,2022-02-08 08:21:05,18.7333,-103.6833,66.99,79,4.25
252,Resistencia,AR,2022-02-08 08:19:01,-27.4606,-58.9839,63.1,78,3.44
253,Kargasok,RU,2022-02-08 08:21:05,59.0556,80.8572,1.4,88,5.46
254,Santa Cruz,BO,2022-02-08 08:21:06,-17.8,-63.1667,72.86,68,8.05
255,Pokosnoye,RU,2022-02-08 08:21:06,55.5258,101.0536,11.48,84,7.61
256,Colares,PT,2022-02-08 08:21:06,38.7992,-9.4469,55.89,47,11.01
257,Vila Do Maio,CV,2022-02-08 08:21:07,15.1333,-23.2167,65.19,76,11.99
258,Alvik,SE,2022-02-08 08:21:07,60.7477,14.8746,35.53,85,12.37
259,Maceio,BR,2022-02-08 08:21:08,-9.6658,-35.7353,72.84,88,4.61
260,Pochutla,MX,2022-02-08 08:21:08,15.7432,-96.4661,72.82,89,3.4
261,Ponta Delgada,PT,2022-02-08 08:21:09,37.7333,-25.6667,58.5,77,6.91
262,Lorengau,PG,2022-02-08 08:21:09,-2.0226,147.2712,82.53,79,7.7
263,Broadstairs,GB,2022-02-08 08:21:09,51.3591,1.4394,51.85,70,5.01
264,Panaba,MX,2022-02-08 08:21:10,21.2833,-88.2667,69.73,93,2.28
265,Namatanai,PG,2022-02-08 08:21:10,-3.6667,152.4333,82.35,77,6.31
266,Nouadhibou,MR,2022-02-08 08:21:11,20.931,-17.0347,58.98,100,6.91
267,San Rafael,AR,2022-02-08 08:21:11,-34.6177,-68.3301,69.13,46,3.94
268,Basoko,CD,2022-02-08 08:21:11,1.2391,23.616,85.84,32,3.22
269,Cabedelo,BR,2022-02-08 08:18:57,-6.9811,-34.8339,74.07,65,7.99
270,Marondera,ZW,2022-02-08 08:21:12,-18.1853,31.5519,71.24,61,1.32
271,Jimo,CN,2022-02-08 08:21:12,36.3897,120.4622,44.38,21,6.71
272,Quatre Cocos,MU,2022-02-08 08:21:13,-20.2078,57.7625,84.31,67,12.26
273,Iskateley,RU,2022-02-08 08:21:13,67.6803,53.1512,6.33,94,11.05
274,Acarau,BR,2022-02-08 08:19:52,-2.8856,-40.12,77.16,85,7.47
275,Walvis Bay,NA,2022-02-08 08:21:13,-22.9575,14.5053,76.15,73,5.75
276,Sao Joao Da Barra,BR,2022-02-08 08:21:14,-21.6403,-41.0511,75.18,90,2.53
277,Sao Miguel Do Araguaia,BR,2022-02-08 08:21:14,-13.275,-50.1628,71.1,96,1.52
278,Hambantota,LK,2022-02-08 08:20:48,6.1241,81.1185,86.16,57,10.98
279,Vanimo,PG,2022-02-08 08:22:15,-2.6741,141.3028,82.49,75,4.29
280,Hasaki,JP,2022-02-08 08:22:15,35.7333,140.8333,43.29,79,8.66
281,Tucuma,BR,2022-02-08 08:22:15,-0.1833,-50.05,73.74,94,3.51
282,Kichera,RU,2022-02-08 08:22:16,55.9375,110.0997,14.4,95,3.58
283,Kolondieba,ML,2022-02-08 08:22:16,11.0882,-6.8926,70.59,15,5.46
284,Carnarvon,AU,2022-02-08 08:22:17,-24.8667,113.6333,86.07,54,19.57
285,Makakilo City,US,2022-02-08 08:22:17,21.3469,-158.0858,73.72,67,10.36
286,Acapulco,MX,2022-02-08 08:22:17,16.8634,-99.8901,73.22,88,3.44
287,Ouango,CF,2022-02-08 08:22:18,4.3133,22.5552,83.53,15,4.54
288,Abbeville,FR,2022-02-08 08:22:18,50.1,1.8333,50.49,93,11.97
289,Camp Verde,US,2022-02-08 08:22:19,34.5636,-111.8543,46.83,32,5.08
290,Dataganj,IN,2022-02-08 08:22:19,28.0333,79.4,71.2,49,4.05
291,Lompoc,US,2022-02-08 08:22:19,34.6391,-120.4579,58.12,87,3.44
292,Sesheke,ZM,2022-02-08 08:22:20,-17.4759,24.2968,76.44,64,9.24
293,Kahului,US,2022-02-08 08:17:20,20.8947,-156.47,72.84,79,10.36
294,Kloulklubed,PW,2022-02-08 08:22:20,7.0419,134.2556,84.7,78,21.34
295,Khatanga,RU,2022-02-08 08:22:21,71.9667,102.5,-8.46,91,15.01
296,Sur,OM,2022-02-08 08:22:21,22.5667,59.5289,71.74,52,12.46
297,Panguna,PG,2022-02-08 08:22:21,-6.3164,155.4848,71.58,94,0.76
298,Zatoka,UA,2022-02-08 08:22:22,46.0725,30.4654,37.94,96,23.6
299,Victor Harbor,AU,2022-02-08 08:22:22,-35.5667,138.6167,73.8,67,5.08
300,Ketchikan,US,2022-02-08 08:22:22,55.3422,-131.6461,41.47,93,17.27
301,Tezu,IN,2022-02-08 08:22:23,27.9167,96.1667,68.99,42,4.09
302,Tynset,NO,2022-02-08 08:22:23,62.2759,10.7824,28.02,98,4.74
303,Martil,MA,2022-02-08 08:19:26,35.6166,-5.2752,59.07,82,9.22
304,Valparaiso,CL,2022-02-08 08:22:24,-33.0393,-71.6273,64.47,79,2.3
305,Joshimath,IN,2022-02-08 08:22:24,30.5667,79.5667,51.26,45,7.07
306,Unicov,CZ,2022-02-08 08:22:24,49.7709,17.1214,39.94,80,14.2
307,Riihimaki,FI,2022-02-08 08:22:25,60.7377,24.7773,28.27,91,4.54
308,Kartaly,RU,2022-02-08 08:22:25,53.0522,60.6467,14.59,94,5.39
309,Harper,LR,2022-02-08 08:22:25,4.375,-7.7169,79.54,80,4.83
310,Boa Vista,BR,2022-02-08 08:22:26,2.8197,-60.6733,76.98,83,2.3
311,Hokitika,NZ,2022-02-08 08:22:26,-42.7167,170.9667,69.08,73,3.2
312,Ulaanbaatar,MN,2022-02-08 08:18:57,47.9077,106.8832,17.73,53,4.47
313,Tigre,AR,2022-02-08 08:22:27,-34.426,-58.5796,66.2,74,4.61
314,Boralday,KZ,2022-02-08 08:22:27,43.3578,76.8594,33.66,80,2.24
315,Simao,CN,2022-02-08 08:22:27,22.7886,100.9748,72.61,22,7.83
316,Vostok,RU,2022-02-08 08:22:28,46.4856,135.8833,5.86,97,3.58
317,Grindavik,IS,2022-02-08 08:22:28,63.8424,-22.4338,32.47,80,37.98
318,Ngawen,ID,2022-02-08 08:22:28,-7.0032,111.3129,84.99,71,11.16
319,Lujiang,CN,2022-02-08 08:22:29,31.2581,117.2817,33.85,85,4.05
320,Ribeira Do Pombal,BR,2022-02-08 08:22:29,-10.8344,-38.5358,71.2,96,3.56
321,Cairns,AU,2022-02-08 08:22:29,-16.9167,145.7667,82.35,74,12.66
322,El Bosque,MX,2022-02-08 08:22:30,17.0667,-92.7333,52.14,100,1.77
323,Bajil,YE,2022-02-08 08:21:15,15.0584,43.2851,80.35,62,3.76
324,Lebanon,US,2022-02-08 08:22:30,36.2081,-86.2911,32.2,81,0.0
325,Bengkulu,ID,2022-02-08 08:23:31,-3.8004,102.2655,84.65,67,12.91
326,Avera,US,2022-02-08 08:23:31,33.194,-82.5271,42.67,73,5.59
327,Fenoarivo Atsinanana,MG,2022-02-08 08:23:32,-17.3667,49.4167,87.84,58,7.09
328,Lodwar,KE,2022-02-08 08:23:32,3.1191,35.5973,91.58,23,22.62
329,Shaowu,CN,2022-02-08 08:23:32,27.3409,117.4831,45.63,79,2.64
330,Ndele,CF,2022-02-08 08:23:33,8.4109,20.6473,81.0,10,8.77
331,Baykit,RU,2022-02-08 08:23:33,61.67,96.37,-1.43,86,3.27
332,The Pas,CA,2022-02-08 08:23:33,53.8251,-101.2541,30.22,86,9.22
333,Gilbues,BR,2022-02-08 08:23:34,-9.8317,-45.3439,72.52,78,1.52
334,Sambava,MG,2022-02-08 08:23:34,-14.2667,50.1667,85.17,66,7.02
335,Akdagmadeni,TR,2022-02-08 08:23:35,39.6603,35.8836,34.79,89,8.93
336,Barth,DE,2022-02-08 08:23:35,54.3635,12.7249,45.1,68,25.75
337,Southbridge,US,2022-02-08 08:18:39,42.0751,-72.0334,36.39,97,5.44
338,Luganville,VU,2022-02-08 08:23:35,-15.5333,167.1667,79.68,87,9.22
339,Taoudenni,ML,2022-02-08 08:23:36,22.6783,-3.9836,64.4,15,7.94
340,Hami,CN,2022-02-08 08:23:36,42.8,93.45,31.77,29,2.15
341,Opuwo,NA,2022-02-08 08:23:37,-18.0607,13.84,73.76,42,1.41
342,Wau,SS,2022-02-08 08:23:37,7.7029,27.9953,81.86,12,7.7
343,Santa Rosa,PH,2022-02-08 08:23:37,14.3122,121.1114,87.78,71,14.83
344,Fortuna,US,2022-02-08 08:23:38,40.5982,-124.1573,46.65,95,6.91
345,Half Moon Bay,US,2022-02-08 08:21:40,37.4636,-122.4286,58.48,81,6.91
346,Chor,PK,2022-02-08 08:23:38,25.5167,69.7667,81.25,25,7.25
347,Lagos,NG,2022-02-08 08:20:04,6.5833,3.75,80.92,73,0.85
348,Sungaipenuh,ID,2022-02-08 08:23:39,-2.0833,101.3833,73.26,75,3.71
349,Santander,ES,2022-02-08 08:23:39,43.4647,-3.8044,51.46,69,13.0
350,Bukama,CD,2022-02-08 08:23:40,-9.2,25.85,78.13,79,1.28
351,Homer,US,2022-02-08 08:21:29,59.6425,-151.5483,37.29,65,6.91
352,Labuhan,ID,2022-02-08 08:23:40,-6.8844,112.2051,84.0,74,12.75
353,Tuatapere,NZ,2022-02-08 08:23:41,-46.1333,167.6833,52.83,86,5.86
354,Epe,NG,2022-02-08 08:23:41,6.5841,3.9834,80.71,78,2.26
355,Esperance,AU,2022-02-08 08:20:42,-33.8667,121.9,68.59,54,11.39
356,Shingu,JP,2022-02-08 08:23:41,33.7333,135.9833,45.59,68,1.99
357,New Plymouth,NZ,2022-02-08 08:23:42,-39.0667,174.0833,75.56,87,3.13
358,Leningradskiy,RU,2022-02-08 08:23:42,69.3833,178.4167,-27.89,90,5.01
359,Ostrovnoy,RU,2022-02-08 08:23:43,68.0531,39.5131,20.26,89,14.79
360,Tual,ID,2022-02-08 08:23:43,-5.6667,132.75,84.29,72,8.43
361,Pitelino,RU,2022-02-08 08:23:44,54.5777,41.8145,31.73,99,10.36
362,Saint-Gaudens,FR,2022-02-08 08:23:44,43.0833,0.6667,41.32,74,3.53
363,Geraldton,AU,2022-02-08 08:23:44,-28.7667,114.6,79.21,47,25.32
364,Roald,NO,2022-02-08 08:23:45,62.5833,6.1333,40.15,81,26.46
365,Guapore,BR,2022-02-08 08:23:45,-28.8456,-51.8903,57.72,86,0.4
366,Vila Velha,BR,2022-02-08 08:22:08,-20.3297,-40.2925,76.95,86,8.05
367,Maihar,IN,2022-02-08 08:23:46,24.2667,80.75,81.77,17,6.17
368,Ambanja,MG,2022-02-08 08:24:46,-13.6833,48.45,89.53,61,6.06
369,La Palma,US,2022-02-08 08:24:46,33.8464,-118.0467,68.31,27,3.44
370,Komsomolets,KZ,2022-02-08 08:24:47,53.7453,62.0708,11.16,94,4.56
371,Atar,MR,2022-02-08 08:24:47,20.5169,-13.0499,67.37,11,7.56
372,Antofagasta,CL,2022-02-08 08:22:23,-23.65,-70.4,61.88,85,3.71
373,Port Hardy,CA,2022-02-08 08:24:48,50.6996,-127.4199,44.76,93,4.61
374,Birao,CF,2022-02-08 08:24:48,10.2849,22.7882,75.94,12,12.62
375,Georgiyevka,KZ,2022-02-08 08:24:48,43.0369,74.7114,35.64,75,4.47
376,Maumere,ID,2022-02-08 08:24:49,-8.6199,122.2111,83.3,78,8.5
377,Dalnegorsk,RU,2022-02-08 08:24:49,44.5604,135.5701,15.51,80,6.93
378,Ajdabiya,LY,2022-02-08 08:24:49,30.7554,20.2263,60.87,70,16.64
379,Kabalo,CD,2022-02-08 08:24:50,-6.05,26.9167,79.05,75,3.4
380,Turangi,NZ,2022-02-08 08:24:50,-39.0,175.9333,65.73,90,2.21
381,Chapais,CA,2022-02-08 08:24:50,49.7834,-74.8492,11.98,95,6.44
382,The Valley,AI,2022-02-08 08:24:51,18.217,-63.0578,76.86,70,18.41
383,Bom Jesus,BR,2022-02-08 08:24:51,-9.0744,-44.3586,72.66,86,0.89
384,Klaksvik,FO,2022-02-08 08:24:52,62.2266,-6.589,32.92,69,38.7
385,Aasiaat,GL,2022-02-08 08:24:52,68.7098,-52.8699,-10.97,95,12.88
386,Eureka,US,2022-02-08 08:24:52,40.8021,-124.1637,46.92,93,4.85
387,Maraa,BR,2022-02-08 08:24:53,-1.8333,-65.3667,72.3,100,1.66
388,Cumberland,US,2022-02-08 08:24:53,35.0502,-78.8664,41.13,96,6.91
389,Hutchinson,US,2022-02-08 08:23:27,38.0608,-97.9298,39.34,74,3.44
390,Colon,PA,2022-02-08 08:24:53,9.3592,-79.9014,75.24,79,6.85
391,Malm,NO,2022-02-08 08:24:54,64.0721,11.2172,40.78,76,18.14
392,Wajir,KE,2022-02-08 08:24:54,1.7471,40.0573,88.86,33,14.2
393,Chalmette,US,2022-02-08 08:24:55,29.9427,-89.9634,46.99,65,17.27
394,Lagoa,PT,2022-02-08 08:24:55,39.05,-27.9833,59.13,69,6.62
395,Barcelos,PT,2022-02-08 08:24:55,41.5388,-8.6151,53.85,70,6.22
396,Saint George,US,2022-02-08 08:24:56,37.1041,-113.5841,50.34,39,0.0
397,Sangmelima,CM,2022-02-08 08:24:56,2.9333,11.9833,77.52,59,2.44
398,Komsomolskiy,UZ,2022-02-08 08:24:56,40.4272,71.7189,44.02,87,2.3
399,Zhigansk,RU,2022-02-08 08:24:57,66.7697,123.3711,-27.24,96,10.58
400,Rocha,UY,2022-02-08 08:23:26,-34.4833,-54.3333,62.89,71,6.46
401,Samana,DO,2022-02-08 08:24:57,19.2056,-69.3369,72.34,90,7.83
402,Ayan,RU,2022-02-08 08:24:58,56.45,138.1667,10.2,87,2.35
403,Madras,IN,2022-02-08 08:20:33,13.0878,80.2785,87.78,64,13.8
404,Brae,GB,2022-02-08 08:24:58,60.3964,-1.353,40.91,67,31.36
405,Myitkyina,MM,2022-02-08 08:24:59,25.3833,97.4,78.46,28,1.32
406,Andenes,NO,2022-02-08 08:24:59,69.3143,16.1194,31.98,74,21.85
407,Alta Floresta,BR,2022-02-08 08:25:00,-9.8756,-56.0861,70.97,98,0.38
408,Okato,NZ,2022-02-08 08:25:00,-39.2,173.8833,74.91,87,5.41
409,Ahipara,NZ,2022-02-08 08:25:00,-35.1667,173.1667,73.92,95,7.02
410,Mayumba,GA,2022-02-08 08:25:01,-3.432,10.6554,79.7,86,7.54
411,Kuytun,RU,2022-02-08 08:25:01,54.3419,101.5036,12.4,88,6.02
412,San Cristobal,VE,2022-02-08 08:25:02,7.7669,-72.225,64.76,83,2.04
413,Yulara,AU,2022-02-08 08:25:02,-25.2406,130.9889,91.24,40,5.75
414,North Bend,US,2022-02-08 08:26:03,43.4065,-124.2243,48.92,100,5.75
415,Mosquera,CO,2022-02-08 08:26:03,4.7059,-74.2302,55.49,88,8.05
416,Charters Towers,AU,2022-02-08 08:26:03,-20.1,146.2667,86.32,40,9.98
417,Tapiramuta,BR,2022-02-08 08:26:04,-11.8472,-40.7914,63.95,99,2.06
418,Palmer,US,2022-02-08 08:26:04,42.1584,-72.3287,36.68,86,4.61
419,Chapada Dos Guimaraes,BR,2022-02-08 08:26:04,-15.4606,-55.7497,67.66,99,2.39
420,Lucapa,AO,2022-02-08 08:26:05,-8.4192,20.7447,73.13,82,3.06
421,Sekoma,BW,2022-02-08 08:26:05,-24.4,23.8833,80.82,35,9.22
422,Xiaoshi,CN,2022-02-08 08:26:06,41.2971,124.1209,33.82,55,2.19
423,San Carlos De Bariloche,AR,2022-02-08 08:26:06,-41.1456,-71.3082,60.55,48,18.41
424,Saint Simons,US,2022-02-08 08:26:06,31.1352,-81.3901,47.12,98,5.75
425,Batagay,RU,2022-02-08 08:26:07,67.6333,134.6333,-40.68,99,2.46
426,Fort Nelson,CA,2022-02-08 08:26:07,58.8053,-122.7002,0.99,78,6.91
427,Takoradi,GH,2022-02-08 08:26:07,4.8845,-1.7554,80.82,77,5.32
428,Ixtapa,MX,2022-02-08 08:26:08,20.7,-105.2,69.22,89,2.64
429,San Jose,US,2022-02-08 08:26:08,37.3394,-121.895,58.42,58,0.0
430,Middle Island,US,2022-02-08 08:26:09,40.8843,-72.9373,39.11,92,12.66
431,Krasni Okny,UA,2022-02-08 08:26:09,47.5404,29.46,35.78,84,21.18
432,Axim,GH,2022-02-08 08:26:09,4.8699,-2.2405,80.19,80,5.06
433,Sioux Lookout,CA,2022-02-08 08:26:10,50.1001,-91.917,10.47,85,11.5
434,Tsilna,RU,2022-02-08 08:26:10,54.5953,48.1414,18.95,94,7.29
435,Berlevag,NO,2022-02-08 08:26:10,70.8578,29.0864,24.75,74,23.02
436,Nantucket,US,2022-02-08 08:23:20,41.2835,-70.0995,48.31,93,12.66
437,Gat,IL,2022-02-08 08:23:27,31.61,34.7642,66.4,42,7.45
438,Dondo,MZ,2022-02-08 08:26:11,-19.6094,34.7431,81.91,57,7.05
439,Passo De Camaragibe,BR,2022-02-08 08:26:11,-9.2368,-35.4901,72.95,87,2.59
440,Iquitos,PE,2022-02-08 08:26:12,-3.7481,-73.2472,71.64,100,4.61
441,Ankara,TR,2022-02-08 08:21:54,39.9199,32.8543,46.31,70,13.8
442,Inuvik,CA,2022-02-08 08:26:12,68.3499,-133.7218,-35.54,67,3.44
443,Fare,PF,2022-02-08 08:26:13,-16.7,-151.0167,81.18,79,18.79
444,Margate,GB,2022-02-08 08:26:13,51.3813,1.3862,51.96,72,5.01
445,Marsabit,KE,2022-02-08 08:26:13,2.3284,37.9899,75.02,41,19.44
446,Parabel,RU,2022-02-08 08:26:14,58.6978,81.4825,0.81,90,5.21
447,Mount Isa,AU,2022-02-08 08:26:14,-20.7333,139.5,85.77,48,12.66
448,Dickinson,US,2022-02-08 08:26:14,29.4608,-95.0513,49.12,60,9.22
449,Haines Junction,CA,2022-02-08 08:26:15,60.7522,-137.5108,28.35,80,5.75
450,Laramie,US,2022-02-08 08:26:15,41.3114,-105.5911,37.9,43,26.46
451,Chitral,PK,2022-02-08 08:26:15,35.8462,71.7858,38.64,65,1.23
452,Emerald,AU,2022-02-08 08:26:16,-23.5333,148.1667,87.94,33,6.91
453,Karabanovo,RU,2022-02-08 08:26:16,56.3167,38.7,32.36,98,7.67
454,Hirado,JP,2022-02-08 08:26:17,33.3597,129.5531,47.55,63,18.1
455,Veraval,IN,2022-02-08 08:26:17,20.9,70.3667,75.83,56,11.12
456,Kendari,ID,2022-02-08 08:26:17,-3.945,122.4989,79.83,83,1.07
457,Banda Aceh,ID,2022-02-08 08:26:18,5.5577,95.3222,83.48,71,12.77
458,Namalenga,TZ,2022-02-08 08:26:18,-10.95,39.1,80.04,75,5.66
459,Port Hedland,AU,2022-02-08 08:26:18,-20.3167,118.5667,86.05,70,12.66
460,Novobureyskiy,RU,2022-02-08 08:26:19,49.798,129.8774,8.47,94,4.68
461,Gondanglegi,ID,2022-02-08 08:26:19,-7.7479,112.0132,84.79,77,10.02
462,Christchurch,NZ,2022-02-08 08:23:14,-43.5333,172.6333,64.02,75,10.36
463,Eisenberg,DE,2022-02-08 08:27:20,50.9667,11.9,39.85,72,15.23
464,Sorland,NO,2022-02-08 08:27:20,67.667,12.6934,35.46,93,28.03
465,Grafenau,DE,2022-02-08 08:27:21,48.8577,13.3974,35.31,93,7.58
466,Beringovskiy,RU,2022-02-08 08:27:21,63.05,179.3167,-22.95,91,10.71
467,Kirovskiy,RU,2022-02-08 08:27:22,45.0917,133.5136,8.8,94,1.86
468,Nileshwar,IN,2022-02-08 08:27:22,12.25,75.1,82.78,67,14.9
469,Guerrero Negro,MX,2022-02-08 08:27:22,27.9769,-114.0611,61.25,48,2.3
470,Rovaniemi,FI,2022-02-08 08:27:23,66.5,25.7167,26.01,93,6.91
471,Pangai,TO,2022-02-08 08:27:23,-19.8,-174.35,78.21,88,18.05
472,Natal,BR,2022-02-08 08:27:23,-5.795,-35.2094,77.22,88,4.61
473,Trairi,BR,2022-02-08 08:27:24,-3.2778,-39.2689,76.93,83,5.91
474,Turayf,SA,2022-02-08 08:27:24,31.6725,38.6637,57.45,51,11.5
475,Hervey Bay,AU,2022-02-08 08:27:24,-25.2986,152.8535,77.11,67,5.99
476,Boca Do Acre,BR,2022-02-08 08:27:25,-8.7522,-67.3978,70.86,99,2.1
477,Salalah,OM,2022-02-08 08:27:25,17.0151,54.0924,78.89,11,20.71
478,Kyshtovka,RU,2022-02-08 08:27:26,56.555,76.6271,13.93,88,8.88
479,Mandera,KE,2022-02-08 08:27:26,3.9366,41.867,88.88,26,16.04
480,Mattawa,US,2022-02-08 08:27:26,46.7379,-119.9028,43.41,72,18.99
481,Liyang,CN,2022-02-08 08:27:27,29.7057,118.2862,42.69,81,2.8
482,Arman,RU,2022-02-08 08:27:27,59.7,150.1667,5.02,80,7.72
483,Srednebelaya,RU,2022-02-08 08:27:27,50.6594,128.0106,14.38,92,1.88
484,Abalak,RU,2022-02-08 08:27:28,58.1286,68.5944,11.77,90,8.43
485,San Vicente,AR,2022-02-08 08:27:28,-26.6167,-54.1333,52.36,61,2.8
486,Palora,EC,2022-02-08 08:27:29,-1.7,-77.9333,64.31,98,2.37
487,Dicabisagan,PH,2022-02-08 08:27:29,17.0818,122.4157,79.79,72,6.51
488,Ossora,RU,2022-02-08 08:27:29,59.2353,163.0719,6.69,93,8.5
489,Gairo,IT,2022-02-08 08:27:30,39.8497,9.5047,40.21,44,1.59
490,Milkovo,RU,2022-02-08 08:27:30,54.7167,158.6167,15.3,97,1.34
491,Mahanoro,MG,2022-02-08 08:27:30,-19.9,48.8,85.78,65,8.19
492,Dudinka,RU,2022-02-08 08:27:31,69.4058,86.1778,-5.39,96,15.68
493,Sainte-Maxime,FR,2022-02-08 08:27:31,43.3,6.6333,50.18,71,4.18
494,Kuah,MY,2022-02-08 08:27:31,6.3265,99.8432,91.38,58,6.91
495,Keti Bandar,PK,2022-02-08 08:27:32,24.1447,67.4497,75.49,57,12.68
496,Mabaruma,GY,2022-02-08 08:27:32,8.2,-59.7833,69.98,94,1.88
497,Rasht,IR,2022-02-08 08:27:32,37.2808,49.5832,49.82,66,4.61
498,Eldoret,KE,2022-02-08 08:27:33,0.5204,35.2699,69.89,46,14.97
499,Karasburg,NA,2022-02-08 08:27:33,-28.0167,18.75,83.48,37,2.66
500,Junction City,US,2022-02-08 08:27:34,39.0286,-96.8314,38.14,65,5.01
501,Okhotsk,RU,2022-02-08 08:27:34,59.3833,143.3,9.03,82,6.51
502,Port Hawkesbury,CA,2022-02-08 08:27:34,45.6169,-61.3485,35.19,99,6.91
503,Lovozero,RU,2022-02-08 08:27:35,68.005,35.0117,15.48,95,4.56
504,Karratha,AU,2022-02-08 08:27:35,-20.7377,116.8463,88.65,62,11.74
505,Rundu,NA,2022-02-08 08:27:35,-17.9333,19.7667,76.78,56,8.57
506,Koungou,YT,2022-02-08 08:27:36,-12.7336,45.2042,85.71,74,17.27
507,Nemuro,JP,2022-02-08 08:27:36,43.3236,145.575,25.23,73,3.13
508,Talnakh,RU,2022-02-08 08:27:37,69.4865,88.3972,-5.8,96,10.13
509,Sola,VU,2022-02-08 08:28:37,-13.8833,167.55,80.1,88,32.39
510,Mae Chan,TH,2022-02-08 08:28:38,20.1467,99.8526,89.24,26,3.83
511,Tubuala,PA,2022-02-08 08:28:38,9.5167,-79.0333,74.34,78,9.62
512,Aksu,CN,2022-02-08 08:28:38,41.1231,80.2644,32.49,40,0.58
513,Cotonou,BJ,2022-02-08 08:28:39,6.3654,2.4183,80.58,89,2.3
514,Killybegs,IE,2022-02-08 08:28:39,54.6333,-8.45,44.46,79,16.71
515,Mehamn,NO,2022-02-08 08:28:39,71.0357,27.8492,26.78,84,12.93
516,Sao Filipe,CV,2022-02-08 08:28:40,14.8961,-24.4956,71.55,72,4.85
517,West Point,US,2022-02-08 08:28:40,33.6076,-88.6503,32.09,88,0.0
518,Loja,EC,2022-02-08 08:28:41,-3.9931,-79.2042,56.19,98,1.19
519,Linjiang,CN,2022-02-08 08:28:41,41.8069,126.9078,25.27,74,0.45
520,Concarneau,FR,2022-02-08 08:28:41,47.875,-3.9225,51.82,93,2.68
521,Vesyegonsk,RU,2022-02-08 08:28:42,58.664,37.2604,32.58,92,7.27
522,Pitimbu,BR,2022-02-08 08:28:42,-7.4706,-34.8086,73.99,68,6.89
523,Mahajanga,MG,2022-02-08 08:28:43,-15.7167,46.3167,75.22,100,14.97
524,Liverpool,GB,2022-02-08 08:28:43,53.4106,-2.9779,53.69,86,23.02
525,Kutum,SD,2022-02-08 08:28:43,14.2,24.6667,62.62,15,8.43
526,Eirunepe,BR,2022-02-08 08:28:44,-6.6603,-69.8736,71.28,100,1.32
527,Taltal,CL,2022-02-08 08:28:44,-25.4,-70.4833,64.74,84,1.97
528,Senneterre,CA,2022-02-08 08:28:44,48.3835,-77.2328,21.42,96,5.37
529,Eruwa,NG,2022-02-08 08:28:45,7.5333,3.4167,79.09,69,1.57
530,Clyde River,CA,2022-02-08 08:28:45,70.4692,-68.5914,-30.77,68,3.44
531,Basco,PH,2022-02-08 08:28:45,20.4487,121.9702,73.42,84,25.52
532,Black River,JM,2022-02-08 08:28:46,18.0264,-77.8487,73.4,86,3.74
533,Mandali,IQ,2022-02-08 08:28:46,33.7499,45.5541,59.31,33,9.89
534,Maues,BR,2022-02-08 08:28:47,-3.3836,-57.7186,71.8,99,1.92
535,Dorado,PR,2022-02-08 08:28:47,18.4588,-66.2677,73.18,65,6.69
536,Tabas,IR,2022-02-08 08:28:47,33.5959,56.9244,59.22,26,2.3
537,Ouallam,NE,2022-02-08 08:28:48,14.3188,2.0866,70.81,12,14.07
538,Zhezkazgan,KZ,2022-02-08 08:28:48,47.8043,67.7144,19.38,93,8.95
539,Nipawin,CA,2022-02-08 08:28:48,53.3668,-104.0009,37.44,75,23.02
540,Nosy Varika,MG,2022-02-08 08:28:49,-20.5833,48.5333,84.54,70,8.48
541,Alcaniz,ES,2022-02-08 08:28:49,41.05,-0.1333,48.43,81,1.81
542,Nieuw Amsterdam,SR,2022-02-08 08:28:49,5.8833,-55.0833,76.01,90,7.02
543,Dwarka,IN,2022-02-08 08:28:50,22.2394,68.9678,73.54,65,9.75
544,Alyangula,AU,2022-02-08 08:28:50,-13.8483,136.4192,85.87,74,8.05
545,Tura,IN,2022-02-08 08:28:51,25.5198,90.2201,70.11,39,5.23
546,Caconda,AO,2022-02-08 08:28:51,-13.7333,15.0667,58.19,91,5.06
547,Foz Do Iguacu,BR,2022-02-08 08:28:51,-25.5478,-54.5881,63.52,100,0.0
548,Icononzo,CO,2022-02-08 08:28:52,4.177,-74.5325,62.31,93,1.79
549,Mirassol,BR,2022-02-08 08:28:52,-20.8192,-49.5211,69.48,88,0.0
550,West Plains,US,2022-02-08 08:28:52,36.7281,-91.8524,36.43,75,6.91
551,Huarmey,PE,2022-02-08 08:28:53,-10.0681,-78.1522,70.34,83,6.4
552,Kaohsiung,TW,2022-02-08 08:28:53,22.6163,120.3133,73.35,74,9.22
553,Havre-Saint-Pierre,CA,2022-02-08 08:28:53,50.2334,-63.5986,18.19,79,18.41
554,Wajid,SO,2022-02-08 08:28:54,3.8093,43.2471,88.52,22,24.25
555,Stantsionno-Oyashinskiy,RU,2022-02-08 08:28:54,55.4664,83.8245,16.63,91,8.12
556,Kidderminster,GB,2022-02-08 08:29:54,52.3882,-2.25,52.29,87,14.74
