City_ID,City,Country,Lat,Lng,Max Temp(C),Humidity,Cloudiness,Wind Speed,Current Description,Date
0,Palmer,US,42.1584,-72.3287,-0.77,72,100,1.54,overcast clouds,2022-02-13 09:59:33
1,Rio Grande,BR,-32.035,-52.0986,17.75,93,99,6.07,overcast clouds,2022-02-13 09:59:35
2,Kapaa,US,22.0752,-159.319,22.18,78,75,5.66,broken clouds,2022-02-13 09:59:36
3,Bilma,NE,18.6853,12.9164,23.92,10,0,4.8,clear sky,2022-02-13 09:59:37
4,Waipawa,NZ,-41.4122,175.5153,12.35,86,100,4.62,overcast clouds,2022-02-13 09:59:39
5,Ushuaia,AR,-54.8,-68.3,8.81,61,75,4.63,broken clouds,2022-02-13 09:57:13
6,Mayahi,NE,13.9553,7.6712,26.41,9,0,6.72,clear sky,2022-02-13 09:59:41
7,Bandarbeyla,SO,9.4942,50.8122,26.41,62,66,7.45,broken clouds,2022-02-13 09:59:44
8,Guerrero Negro,MX,27.9769,-114.0611,17.18,59,100,1.5,overcast clouds,2022-02-13 09:59:45
9,Beckley,US,37.7782,-81.1882,-0.98,95,100,2.57,light snow,2022-02-13 09:55:24
10,Nerchinskiy Zavod,RU,51.3088,119.61,-27.66,100,66,0.94,broken clouds,2022-02-13 09:59:48
11,Middelburg,ZA,-25.7751,29.4648,29.49,17,94,1.72,overcast clouds,2022-02-13 09:59:49
12,Rikitea,PF,-23.1203,-134.9692,26.1,68,1,6.65,clear sky,2022-02-13 09:59:51
13,Busselton,AU,-33.65,115.3333,31.16,50,1,8.76,clear sky,2022-02-13 09:59:52
14,Saint-Augustin,CA,51.226,-58.6502,-12.09,81,97,10.18,overcast clouds,2022-02-13 09:59:53
15,Puerto Ayora,EC,-0.7393,-90.3518,23.08,94,55,1.18,broken clouds,2022-02-13 09:59:55
16,Saint George,US,37.1041,-113.5841,10.75,26,0,1.34,clear sky,2022-02-13 09:56:45
17,Vila,PT,42.0304,-8.1588,5.74,94,100,3.37,light rain,2022-02-13 09:59:57
18,Mataura,NZ,-46.1927,168.8643,10.82,98,100,0.46,overcast clouds,2022-02-13 09:59:58
19,Geraldton,AU,-28.7667,114.6,27.23,61,0,8.23,clear sky,2022-02-13 10:00:00
20,Marawi,PH,7.9986,124.2928,22.03,92,98,1.64,light rain,2022-02-13 10:00:02
21,Adiake,CI,5.2863,-3.304,29.77,64,54,3.08,light rain,2022-02-13 10:00:06
22,Shanghai,CN,31.2222,121.4581,7.74,67,20,4.0,few clouds,2022-02-13 10:00:01
23,Katangli,RU,51.7102,143.2326,-13.4,94,90,4.59,overcast clouds,2022-02-13 10:00:13
24,Provideniya,RU,64.3833,-173.3,-24.47,92,12,1.46,few clouds,2022-02-13 10:00:14
25,Kyshtovka,RU,56.555,76.6271,-9.77,94,100,4.13,light snow,2022-02-13 10:00:16
26,Hermanus,ZA,-34.4187,19.2345,28.83,67,57,4.52,broken clouds,2022-02-13 10:00:18
27,Kamenka,RU,51.3223,42.7678,-2.92,93,34,5.51,scattered clouds,2022-02-13 09:59:59
28,Kavieng,PG,-2.5744,150.7967,27.71,75,100,1.91,overcast clouds,2022-02-13 10:00:21
29,Kargil,IN,34.5667,76.1,-11.37,69,100,0.36,overcast clouds,2022-02-13 10:00:23
30,Jiayuguan,CN,39.8167,98.3,-2.2,50,100,2.67,overcast clouds,2022-02-13 10:00:24
31,Port Alfred,ZA,-33.5906,26.891,26.41,70,90,7.06,overcast clouds,2022-02-13 10:00:26
32,Aldan,RU,58.6031,125.3894,-31.2,100,90,1.62,overcast clouds,2022-02-13 10:00:27
33,Westport,US,41.1415,-73.3579,1.56,89,100,3.6,snow,2022-02-13 10:00:28
34,Avarua,CK,-21.2078,-159.775,24.03,100,40,0.51,scattered clouds,2022-02-13 10:00:30
35,Yellowknife,CA,62.456,-114.3525,-30.33,83,84,2.68,broken clouds,2022-02-13 10:00:31
36,Vao,NC,-22.6667,167.4833,26.85,85,81,4.95,broken clouds,2022-02-13 10:00:32
37,Barra,BR,-11.0894,-43.1417,22.18,89,93,0.61,overcast clouds,2022-02-13 10:00:34
38,Bytow,PL,54.1706,17.4919,3.16,59,97,5.98,overcast clouds,2022-02-13 10:00:35
39,Aksu,CN,41.1231,80.2644,4.41,31,30,1.03,scattered clouds,2022-02-13 10:00:37
40,Comodoro Rivadavia,AR,-45.8667,-67.5,21.05,48,7,4.14,clear sky,2022-02-13 10:00:38
41,Qaanaaq,GL,77.484,-69.3632,-22.83,57,40,6.03,scattered clouds,2022-02-13 10:00:40
42,Kerema,PG,-7.9631,145.7785,26.92,77,16,3.05,few clouds,2022-02-13 10:00:42
43,Cape Town,ZA,-33.9258,18.4232,26.73,65,6,2.24,clear sky,2022-02-13 10:00:01
44,La Rioja,ES,42.25,-2.5,7.4,63,63,2.71,broken clouds,2022-02-13 10:00:46
45,Punta Arenas,CL,-53.15,-70.9167,10.5,69,84,14.22,broken clouds,2022-02-13 10:00:47
46,San Quintin,MX,30.4833,-115.95,16.45,48,44,1.79,scattered clouds,2022-02-13 10:00:48
47,Aasiaat,GL,68.7098,-52.8699,-15.26,94,100,3.9,overcast clouds,2022-02-13 10:00:50
48,Hilo,US,19.7297,-155.09,20.85,83,75,2.06,broken clouds,2022-02-13 09:59:44
49,New Norfolk,AU,-42.7826,147.0587,22.72,45,100,2.24,overcast clouds,2022-02-13 10:00:52
50,Huarmey,PE,-10.0681,-78.1522,21.66,81,99,3.23,overcast clouds,2022-02-13 10:00:54
51,Ovsyanka,RU,55.9575,92.5519,-17.1,91,59,1.76,broken clouds,2022-02-13 10:00:55
52,Kachug,RU,53.9606,105.8817,-27.0,98,41,0.52,scattered clouds,2022-02-13 10:00:57
53,Albany,US,42.6001,-73.9662,-3.24,66,100,1.34,overcast clouds,2022-02-13 09:58:01
54,Luderitz,NA,-26.6481,15.1594,26.32,59,6,2.64,clear sky,2022-02-13 10:00:59
55,Salalah,OM,17.0151,54.0924,26.19,51,0,4.82,clear sky,2022-02-13 10:00:22
56,Komsomolskiy,UZ,40.4272,71.7189,7.68,93,100,0.0,mist,2022-02-13 10:01:02
57,Ermelo,ZA,-26.5333,29.9833,31.24,15,33,1.71,scattered clouds,2022-02-13 10:01:03
58,Atuona,PF,-9.8,-139.0333,25.43,78,14,6.04,few clouds,2022-02-13 10:01:06
59,Baisha,CN,26.5222,110.9311,5.71,91,100,0.56,overcast clouds,2022-02-13 10:01:07
60,Chokurdakh,RU,70.6333,147.9167,-19.91,97,96,4.74,overcast clouds,2022-02-13 10:01:08
61,Hithadhoo,MV,-0.6,73.0833,27.75,73,42,4.74,scattered clouds,2022-02-13 10:01:10
62,Tasiilaq,GL,65.6145,-37.6368,-11.91,64,100,2.12,overcast clouds,2022-02-13 10:01:11
63,Rawson,AR,-43.3002,-65.1023,19.33,43,7,4.11,clear sky,2022-02-13 09:59:06
64,Bethel,US,41.3712,-73.414,-0.03,87,100,1.54,snow,2022-02-13 10:01:14
65,Opuwo,NA,-18.0607,13.84,23.57,70,100,3.18,overcast clouds,2022-02-13 10:01:15
66,Laguna,US,38.421,-121.4238,16.9,86,0,0.0,mist,2022-02-13 10:01:16
67,Severo-Kurilsk,RU,50.6789,156.125,-7.0,76,18,2.5,few clouds,2022-02-13 10:01:18
68,Jamestown,US,42.097,-79.2353,-7.38,85,100,3.09,mist,2022-02-13 09:56:37
69,Upernavik,GL,72.7868,-56.1549,-19.98,97,100,1.28,overcast clouds,2022-02-13 10:01:21
70,Sibu,MY,2.3,111.8167,26.11,86,92,0.39,overcast clouds,2022-02-13 10:01:23
71,Nuuk,GL,64.1835,-51.7216,-4.66,74,100,7.15,overcast clouds,2022-02-13 10:01:24
72,Chapais,CA,49.7834,-74.8492,-35.68,100,98,0.54,overcast clouds,2022-02-13 10:01:25
73,Shetpe,KZ,44.1667,52.1167,1.24,77,100,13.17,overcast clouds,2022-02-13 10:01:28
74,Mayo,US,38.8876,-76.5119,3.55,83,100,3.58,overcast clouds,2022-02-13 10:01:29
75,Kodiak,US,57.79,-152.4072,1.51,83,100,1.4,overcast clouds,2022-02-13 10:01:31
76,Norman Wells,CA,65.282,-126.8329,-24.13,100,99,0.8,overcast clouds,2022-02-13 10:01:32
77,Saint-Philippe,RE,-21.3585,55.7679,30.77,79,96,5.72,light rain,2022-02-13 10:01:35
78,Georgetown,MY,5.4112,100.3354,31.96,58,20,4.63,light rain,2022-02-13 10:01:36
79,Maumere,ID,-8.6199,122.2111,26.72,81,100,1.25,overcast clouds,2022-02-13 10:01:37
80,Vaini,TO,-21.2,-175.2,27.37,77,100,7.95,overcast clouds,2022-02-13 10:01:39
81,Carnarvon,AU,-24.8667,113.6333,27.04,89,100,2.06,overcast clouds,2022-02-13 10:01:40
82,Governador Valadares,BR,-18.8511,-41.9494,21.41,97,100,0.08,overcast clouds,2022-02-13 10:01:42
83,Port Elizabeth,ZA,-33.918,25.5701,25.85,66,100,4.83,overcast clouds,2022-02-13 09:58:44
84,Hobart,AU,-42.8794,147.3294,22.92,56,0,6.69,clear sky,2022-02-13 09:56:56
85,Kavaratti,IN,10.5669,72.642,27.51,65,7,2.47,clear sky,2022-02-13 10:01:45
86,Jinchang,CN,38.4953,102.1739,-2.92,74,86,2.07,overcast clouds,2022-02-13 10:01:47
87,Nouadhibou,MR,20.931,-17.0347,18.71,59,96,7.27,overcast clouds,2022-02-13 10:01:48
88,Vidyayevo,RU,69.3191,32.8049,-20.69,85,35,4.15,scattered clouds,2022-02-13 10:01:50
89,Edd,ER,13.9297,41.6925,27.5,65,87,4.8,overcast clouds,2022-02-13 10:01:52
90,Concarneau,FR,47.875,-3.9225,11.01,91,100,12.73,overcast clouds,2022-02-13 10:01:53
91,Akonolinga,CM,3.7667,12.25,34.17,25,94,0.79,overcast clouds,2022-02-13 10:01:55
92,Quelimane,MZ,-17.8786,36.8883,28.21,79,92,3.39,moderate rain,2022-02-13 10:01:56
93,Zenzeli,RU,45.9241,47.0474,4.4,52,68,9.63,broken clouds,2022-02-13 10:01:57
94,Papara,BR,-3.9839,-38.7273,27.05,90,90,1.36,overcast clouds,2022-02-13 10:01:59
95,Butaritari,KI,3.0707,172.7902,27.98,74,94,6.58,overcast clouds,2022-02-13 10:02:00
96,East London,ZA,-33.0153,27.9116,26.42,74,100,8.48,overcast clouds,2022-02-13 10:00:33
97,Atambua,ID,-9.1061,124.8925,24.62,85,68,0.42,broken clouds,2022-02-13 10:02:03
98,Marang,MY,5.2056,103.2059,26.64,80,85,2.63,overcast clouds,2022-02-13 10:02:04
99,Taonan,CN,45.3333,122.7833,-19.03,94,85,2.44,overcast clouds,2022-02-13 10:02:07
100,Dire,ML,12.2833,-10.9667,26.67,10,6,2.04,clear sky,2022-02-13 10:02:08
101,Ancud,CL,-41.8697,-73.8203,13.01,93,25,0.69,scattered clouds,2022-02-13 10:02:09
102,Bethanien,NA,-26.502,17.1583,29.94,36,3,6.02,clear sky,2022-02-13 10:02:11
103,Stromness,GB,58.965,-3.296,6.14,85,89,8.28,overcast clouds,2022-02-13 10:02:12
104,Izumo,JP,35.3667,132.7667,6.22,89,100,6.29,light rain,2022-02-13 10:02:14
105,Aykhal,RU,66.0,111.5,-22.26,62,3,0.64,clear sky,2022-02-13 10:02:15
106,Dunedin,NZ,-45.8742,170.5036,13.22,87,100,2.68,overcast clouds,2022-02-13 10:02:17
107,Kaitangata,NZ,-46.2817,169.8464,13.29,88,99,2.46,overcast clouds,2022-02-13 10:02:19
108,Bluff,NZ,-46.6,168.3333,11.0,78,85,2.76,overcast clouds,2022-02-13 10:02:21
109,Springhill,US,33.006,-93.4668,-1.81,56,0,1.6,clear sky,2022-02-13 10:02:23
110,Durban,ZA,-29.8579,31.0292,34.96,80,0,2.24,clear sky,2022-02-13 10:02:24
111,Cianorte,BR,-23.6633,-52.605,19.5,78,96,1.17,overcast clouds,2022-02-13 10:02:25
112,Fairbanks,US,64.8378,-147.7164,-12.61,83,100,0.0,light snow,2022-02-13 10:00:03
113,Bredasdorp,ZA,-34.5322,20.0403,25.71,40,50,4.26,scattered clouds,2022-02-13 10:02:28
114,San Patricio,US,28.017,-97.5169,7.69,40,0,4.3,clear sky,2022-02-13 10:02:29
115,Kanker,IN,20.2719,81.4931,29.03,9,2,2.89,clear sky,2022-02-13 10:02:31
116,Barrow,US,71.2906,-156.7887,-34.99,100,0,3.6,clear sky,2022-02-13 10:02:32
117,Sitka,US,57.0531,-135.33,0.57,82,100,2.24,overcast clouds,2022-02-13 10:02:35
118,Joshimath,IN,30.5667,79.5667,12.88,38,5,3.0,clear sky,2022-02-13 10:02:36
119,Narsaq,GL,60.9167,-46.05,-3.88,93,100,2.77,light snow,2022-02-13 10:02:37
120,Peru,US,40.7537,-86.0689,-7.73,69,100,3.6,overcast clouds,2022-02-13 10:02:40
121,Mar Del Plata,AR,-38.0023,-57.5575,13.82,77,6,4.47,clear sky,2022-02-13 10:00:30
122,Inhambane,MZ,-23.865,35.3833,31.99,51,40,2.06,scattered clouds,2022-02-13 10:02:42
123,Ahuimanu,US,21.4447,-157.8378,23.03,83,23,0.89,light rain,2022-02-13 10:02:44
124,Porangatu,BR,-13.4408,-49.1486,20.81,99,99,1.24,moderate rain,2022-02-13 10:02:45
125,Guaiba,BR,-30.1139,-51.325,23.1,88,56,1.66,broken clouds,2022-02-13 10:02:47
126,Clyde River,CA,70.4692,-68.5914,-27.87,76,100,7.72,light snow,2022-02-13 10:02:48
127,Tanabe,JP,33.7333,135.3667,8.29,90,100,0.45,overcast clouds,2022-02-13 10:02:49
128,Tuktoyaktuk,CA,69.4541,-133.0374,-37.65,100,31,2.09,scattered clouds,2022-02-13 10:02:51
129,Lorengau,PG,-2.0226,147.2712,27.74,77,100,2.32,overcast clouds,2022-02-13 10:02:52
130,Dikson,RU,73.5069,80.5464,-20.2,89,100,11.65,overcast clouds,2022-02-13 10:02:53
131,Bengkulu,ID,-3.8004,102.2655,28.55,70,87,2.71,overcast clouds,2022-02-13 10:02:55
132,Khatanga,RU,71.9667,102.5,-30.41,95,95,1.76,overcast clouds,2022-02-13 10:02:56
133,Egvekinot,RU,66.3167,-179.1667,-28.88,91,68,3.51,broken clouds,2022-02-13 10:02:57
134,Namatanai,PG,-3.6667,152.4333,26.96,79,98,1.65,light rain,2022-02-13 10:02:59
135,Sinnamary,GF,5.3833,-52.95,24.43,89,32,3.94,scattered clouds,2022-02-13 10:03:00
136,Bay City,US,43.5945,-83.8889,-10.29,83,100,2.24,overcast clouds,2022-02-13 10:00:06
137,Vardo,NO,70.3705,31.1107,-7.89,78,3,9.26,clear sky,2022-02-13 10:03:03
138,Cabo San Lucas,MX,22.8909,-109.9124,20.28,57,91,2.21,overcast clouds,2022-02-13 10:03:04
139,Castro,BR,-24.7911,-50.0119,14.64,96,61,1.1,broken clouds,2022-02-13 10:01:16
140,Sungaipenuh,ID,-2.0833,101.3833,22.94,74,98,2.02,overcast clouds,2022-02-13 10:03:07
141,Grindavik,IS,63.8424,-22.4338,-2.74,93,100,1.54,overcast clouds,2022-02-13 10:03:08
142,Salmas,IR,38.1973,44.7653,2.55,74,68,1.53,broken clouds,2022-02-13 10:03:09
143,Chernoyerkovskaya,RU,45.4331,37.7686,5.29,53,38,4.55,scattered clouds,2022-02-13 10:03:11
144,Moerai,PF,-22.4333,-151.3333,26.15,71,100,4.86,overcast clouds,2022-02-13 10:03:12
145,Souillac,MU,-20.5167,57.5167,30.2,70,17,6.65,few clouds,2022-02-13 10:03:13
146,Lashio,MM,22.9333,97.75,24.48,17,0,0.91,clear sky,2022-02-13 10:03:15
147,North Bend,US,43.4065,-124.2243,7.85,100,0,2.06,clear sky,2022-02-13 10:03:16
148,Yeppoon,AU,-23.1333,150.7333,25.88,75,0,9.83,clear sky,2022-02-13 10:03:17
149,Muravlenko,RU,63.7898,74.523,-20.38,95,90,4.09,overcast clouds,2022-02-13 10:03:19
150,Port Hedland,AU,-20.3167,118.5667,34.03,49,65,3.6,broken clouds,2022-02-13 10:03:21
151,Kasane,BW,-17.8167,25.15,28.09,45,46,2.59,scattered clouds,2022-02-13 10:03:23
152,Talnakh,RU,69.4865,88.3972,-21.68,71,12,3.84,few clouds,2022-02-13 10:03:24
153,Klaksvik,FO,62.2266,-6.589,1.51,86,100,16.25,overcast clouds,2022-02-13 10:03:25
154,Caraquet,CA,47.7941,-64.9386,-15.9,78,55,7.12,broken clouds,2022-02-13 10:03:27
155,Kenai,US,60.5544,-151.2583,-2.14,96,100,0.0,overcast clouds,2022-02-13 10:03:28
156,Caala,AO,-12.8525,15.5606,24.15,51,100,0.89,overcast clouds,2022-02-13 10:03:30
157,Itarema,BR,-2.9248,-39.9167,25.72,84,92,3.93,overcast clouds,2022-02-13 10:03:31
158,Maubeuge,FR,50.2788,3.9727,6.88,34,100,2.24,overcast clouds,2022-02-13 10:03:32
159,Ahipara,NZ,-35.1667,173.1667,18.1,66,12,4.85,few clouds,2022-02-13 10:03:34
160,Umm Lajj,SA,25.0213,37.2685,23.49,29,0,3.47,clear sky,2022-02-13 10:03:35
161,Dubbo,AU,-32.25,148.6167,21.07,46,0,3.6,clear sky,2022-02-13 10:03:36
162,Petropavlovsk-Kamchatskiy,RU,53.0452,158.6483,-11.12,78,94,4.82,overcast clouds,2022-02-13 10:03:38
163,Los Llanos De Aridane,ES,28.6585,-17.9182,17.86,72,75,4.12,broken clouds,2022-02-13 10:03:39
164,Waingapu,ID,-9.6567,120.2641,27.43,80,100,0.57,overcast clouds,2022-02-13 10:03:40
165,Alta Floresta,BR,-9.8756,-56.0861,20.57,99,99,1.02,overcast clouds,2022-02-13 10:03:42
166,Half Moon Bay,US,37.4636,-122.4286,18.68,71,0,0.0,clear sky,2022-02-13 10:03:43
167,Fort Nelson,CA,58.8053,-122.7002,-14.37,95,18,2.33,few clouds,2022-02-13 10:00:45
168,Sangar,RU,63.9242,127.4739,-33.99,100,95,1.0,overcast clouds,2022-02-13 10:03:46
169,Clarence Town,AU,-32.5833,151.7833,22.7,78,14,1.83,few clouds,2022-02-13 10:03:47
170,Dieppe,FR,49.75,1.1667,4.55,79,100,1.34,overcast clouds,2022-02-13 10:03:48
171,Gamba,GA,-2.65,10.0,27.53,75,87,2.53,overcast clouds,2022-02-13 10:03:50
172,Ayagoz,KZ,47.9714,80.4392,-7.87,93,100,6.19,overcast clouds,2022-02-13 10:03:51
173,Mahebourg,MU,-20.4081,57.7,30.14,74,14,6.41,few clouds,2022-02-13 10:03:53
174,Pangnirtung,CA,66.1451,-65.7125,-35.36,92,97,2.76,overcast clouds,2022-02-13 10:03:54
175,Lima,PE,-12.0432,-77.0282,20.5,86,0,1.54,clear sky,2022-02-13 09:59:24
176,Xining,CN,36.6167,101.7667,-1.46,46,21,4.53,few clouds,2022-02-13 10:03:56
177,Rodez,FR,44.5,2.5833,10.02,76,20,10.8,few clouds,2022-02-13 10:02:37
178,Pisco,PE,-13.7,-76.2167,20.03,77,0,3.09,clear sky,2022-02-13 10:03:59
179,Chuy,UY,-33.6971,-53.4616,16.29,81,61,4.32,broken clouds,2022-02-13 10:04:00
180,Sioux Lookout,CA,50.1001,-91.917,-36.43,100,45,1.14,scattered clouds,2022-02-13 10:04:02
181,Oranjemund,NA,-28.55,16.4333,24.73,64,5,3.37,clear sky,2022-02-13 10:04:03
182,Ryotsu,JP,38.0833,138.4333,3.57,62,100,4.99,overcast clouds,2022-02-13 10:04:04
183,Eureka,US,40.8021,-124.1637,8.66,82,4,1.57,clear sky,2022-02-13 10:01:56
184,Poykovskiy,RU,61.2333,73.3333,-19.84,76,0,5.0,clear sky,2022-02-13 10:04:08
185,Sao Miguel Do Araguaia,BR,-13.275,-50.1628,21.37,98,100,1.07,overcast clouds,2022-02-13 10:04:09
186,Ystad,SE,55.4297,13.8204,4.43,77,100,9.53,overcast clouds,2022-02-13 10:04:11
187,Prainha,BR,-1.8,-53.48,22.69,92,97,1.33,overcast clouds,2022-02-13 10:04:12
188,Kautokeino,NO,69.0125,23.0412,-13.41,96,100,3.6,snow,2022-02-13 10:04:14
189,Fortuna,US,40.5982,-124.1573,8.51,100,0,3.6,clear sky,2022-02-13 10:04:15
190,Karlshamn,SE,56.1706,14.8619,4.39,75,100,7.32,overcast clouds,2022-02-13 10:04:16
191,Mabaruma,GY,8.2,-59.7833,21.26,98,92,1.02,overcast clouds,2022-02-13 10:04:18
192,Tura,IN,25.5198,90.2201,23.15,32,0,1.58,clear sky,2022-02-13 10:04:19
193,Cuamba,MZ,-14.8031,36.5372,27.51,70,95,1.31,light rain,2022-02-13 10:04:22
194,Ponta Do Sol,PT,32.6667,-17.1,18.73,62,28,1.88,scattered clouds,2022-02-13 10:04:23
195,Riyadh,SA,24.6877,46.7219,19.08,22,0,7.55,clear sky,2022-02-13 10:04:24
196,Santa Rosa,PH,14.3122,121.1114,28.95,77,97,6.2,overcast clouds,2022-02-13 10:00:22
197,Kaeo,NZ,-35.1,173.7833,15.74,84,2,1.72,clear sky,2022-02-13 10:04:27
198,San Cristobal,VE,7.7669,-72.225,17.32,81,98,0.88,overcast clouds,2022-02-13 10:04:28
199,Lebu,CL,-37.6167,-73.65,13.18,91,100,1.93,overcast clouds,2022-02-13 10:01:13
200,Codrington,AU,-38.2667,141.9667,17.68,80,100,3.44,light rain,2022-02-13 10:04:31
201,Pacific Grove,US,36.6177,-121.9166,18.49,56,0,3.09,clear sky,2022-02-13 10:04:32
202,Beringovskiy,RU,63.05,179.3167,-32.44,96,8,2.06,clear sky,2022-02-13 10:04:33
203,General Higinio Morinigo,PY,-25.95,-55.9167,17.79,87,9,2.14,clear sky,2022-02-13 10:04:35
204,Honiara,SB,-9.4333,159.95,26.28,86,100,1.63,overcast clouds,2022-02-13 10:03:12
205,Faanui,PF,-16.4833,-151.75,27.21,73,85,5.75,overcast clouds,2022-02-13 10:04:37
206,Kualakapuas,ID,-3.0091,114.3876,31.09,82,98,0.27,overcast clouds,2022-02-13 10:04:39
207,Touros,BR,-5.1989,-35.4608,27.5,75,16,4.16,few clouds,2022-02-13 10:04:40
208,Constitucion,CL,-35.3333,-72.4167,14.33,95,15,3.42,few clouds,2022-02-13 10:04:41
209,Ginda,IN,30.6945,78.4932,11.54,26,0,2.65,clear sky,2022-02-13 10:04:43
210,Nakatsu,JP,33.5981,131.1883,7.88,91,100,0.48,overcast clouds,2022-02-13 10:04:44
211,General Roca,AR,-39.0333,-67.5833,18.35,25,9,3.55,clear sky,2022-02-13 10:04:45
212,Torbay,CA,47.6666,-52.7314,8.2,95,100,8.77,overcast clouds,2022-02-13 10:03:18
213,Saint-Francois,FR,46.4154,3.9054,11.49,82,0,0.0,clear sky,2022-02-13 10:04:49
214,Susanville,US,40.4163,-120.653,-1.09,86,0,2.06,clear sky,2022-02-13 10:04:51
215,Arraial Do Cabo,BR,-22.9661,-42.0278,23.92,88,20,0.0,few clouds,2022-02-13 10:04:52
216,Puerto Leguizamo,CO,-0.1934,-74.7819,22.02,95,94,0.59,overcast clouds,2022-02-13 10:04:54
217,Henties Bay,NA,-22.116,14.2845,24.92,70,100,2.78,overcast clouds,2022-02-13 10:04:56
218,Brzeg,PL,50.8608,17.4674,5.44,55,100,5.12,overcast clouds,2022-02-13 10:04:57
219,Yining,CN,29.0361,114.5636,8.01,80,100,0.75,overcast clouds,2022-02-13 10:04:58
220,Olafsvik,IS,64.8945,-23.7142,-4.15,61,25,2.88,scattered clouds,2022-02-13 10:05:00
221,Ashland,US,40.8167,-82.2665,-6.52,84,89,1.37,overcast clouds,2022-02-13 10:00:19
222,Taltal,CL,-25.4,-70.4833,18.6,82,51,1.11,broken clouds,2022-02-13 10:05:02
223,Talaya,RU,61.3833,152.75,-37.63,100,30,0.96,scattered clouds,2022-02-13 10:05:04
224,Keti Bandar,PK,24.1447,67.4497,23.92,45,0,6.28,clear sky,2022-02-13 10:05:05
225,Tarnogskiy Gorodok,RU,60.4997,43.5761,-4.61,87,100,3.42,overcast clouds,2022-02-13 10:05:07
226,Naica,MX,27.85,-105.4833,2.77,46,90,0.84,overcast clouds,2022-02-13 10:05:08
227,Valparaiso,CL,-33.0393,-71.6273,15.51,94,75,1.54,broken clouds,2022-02-13 10:04:03
228,Guiratinga,BR,-16.3494,-53.7583,20.68,95,94,1.07,overcast clouds,2022-02-13 10:05:10
229,Sistranda,NO,63.7256,8.834,5.5,89,100,10.8,overcast clouds,2022-02-13 10:05:12
230,Nioro,GM,13.35,-15.75,27.05,9,0,6.9,clear sky,2022-02-13 10:05:13
231,Shieli,KZ,44.1667,66.75,3.51,61,100,5.2,overcast clouds,2022-02-13 10:05:15
232,Jalingo,NG,8.8833,11.3667,33.91,10,97,2.81,overcast clouds,2022-02-13 10:05:16
233,Ribeira Grande,PT,38.5167,-28.7,15.22,77,20,6.17,few clouds,2022-02-13 10:05:17
234,Redlands,US,34.0556,-117.1825,20.26,21,2,0.89,clear sky,2022-02-13 10:05:19
235,Cayenne,GF,4.9333,-52.3333,25.61,88,100,0.0,overcast clouds,2022-02-13 10:05:20
236,Chiredzi,ZW,-21.05,31.6667,31.76,31,1,3.6,clear sky,2022-02-13 10:05:21
237,Katsuura,JP,35.1333,140.3,7.01,94,100,7.36,overcast clouds,2022-02-13 10:05:23
238,Tiksi,RU,71.6872,128.8694,-22.17,87,99,5.45,overcast clouds,2022-02-13 10:05:24
239,Olga,RU,43.7444,135.2892,-7.13,65,100,3.28,overcast clouds,2022-02-13 10:05:25
240,Mattru,SL,7.6244,-11.8332,29.82,56,23,0.58,few clouds,2022-02-13 10:05:27
241,Esperance,AU,-33.8667,121.9,18.78,62,0,7.64,clear sky,2022-02-13 10:05:28
242,Roebourne,AU,-20.7833,117.1333,31.86,58,47,6.47,scattered clouds,2022-02-13 10:05:31
243,Rognan,NO,67.0953,15.3878,-1.8,82,100,2.03,light snow,2022-02-13 10:05:32
244,Mocuba,MZ,-16.8392,36.9856,27.0,85,91,2.47,moderate rain,2022-02-13 10:05:33
245,Myitkyina,MM,25.3833,97.4,25.62,30,0,0.19,clear sky,2022-02-13 10:05:35
246,Mancio Lima,BR,-7.6142,-72.8958,21.52,98,100,0.42,overcast clouds,2022-02-13 10:05:36
247,Rudbar,AF,30.15,62.6,16.41,35,87,5.31,overcast clouds,2022-02-13 10:05:38
248,Gizo,SB,-8.103,156.8419,28.34,70,98,1.36,overcast clouds,2022-02-13 10:05:39
249,Icod De Los Vinos,ES,28.3724,-16.7119,20.43,76,0,4.96,clear sky,2022-02-13 10:05:40
250,Tocopilla,CL,-22.092,-70.1979,20.34,66,39,2.74,scattered clouds,2022-02-13 10:05:42
251,Coos Bay,US,43.3665,-124.2179,7.74,100,0,2.06,clear sky,2022-02-13 10:05:43
252,Cockburn Town,TC,21.4612,-71.1419,24.85,76,0,10.05,clear sky,2022-02-13 10:05:44
253,Mwense,ZM,-10.3845,28.698,21.33,90,100,1.35,light rain,2022-02-13 10:05:46
254,Ulaangom,MN,49.9811,92.0667,-29.46,97,98,1.14,overcast clouds,2022-02-13 10:05:47
255,Samdrup Jongkhar,BT,26.9167,91.6167,17.59,49,1,1.79,clear sky,2022-02-13 10:05:49
256,Yumen,CN,40.2833,97.2,-1.55,42,100,2.93,overcast clouds,2022-02-13 10:05:50
257,Murmashi,RU,68.8154,32.8115,-20.77,84,0,0.0,clear sky,2022-02-13 10:05:51
258,Socorro,US,31.6546,-106.3033,5.49,52,0,0.0,clear sky,2022-02-13 10:05:54
259,Bathsheba,BB,13.2167,-59.5167,24.34,73,75,7.72,broken clouds,2022-02-13 10:05:55
260,Glendive,US,47.1053,-104.7125,-6.21,79,100,5.14,overcast clouds,2022-02-13 10:02:59
261,Hobyo,SO,5.3505,48.5268,27.93,53,52,8.68,broken clouds,2022-02-13 10:05:58
262,Challapata,BO,-18.9,-66.7667,5.07,87,83,3.06,broken clouds,2022-02-13 10:05:59
263,Airai,TL,-8.9266,125.4092,17.27,94,78,0.92,broken clouds,2022-02-13 10:06:00
264,Barahona,DO,18.2085,-71.1008,21.81,77,0,2.23,clear sky,2022-02-13 10:06:02
265,College,US,64.8569,-147.8028,-12.62,80,100,1.54,light snow,2022-02-13 10:06:03
266,Rio Gallegos,AR,-51.6226,-69.2181,16.03,55,40,6.69,scattered clouds,2022-02-13 10:06:05
267,Merauke,ID,-8.4667,140.3333,27.9,73,0,6.09,clear sky,2022-02-13 10:06:06
268,Abilene,US,32.4487,-99.7331,2.27,44,0,3.09,clear sky,2022-02-13 10:06:07
269,Chegdomyn,RU,51.1167,133.0167,-15.52,98,100,1.42,overcast clouds,2022-02-13 10:06:09
270,Southbridge,US,42.0751,-72.0334,0.33,87,94,2.55,light snow,2022-02-13 10:06:10
271,Hambantota,LK,6.1241,81.1185,26.81,73,100,7.03,light rain,2022-02-13 10:06:11
272,Nikolskoye,RU,59.7035,30.7861,2.62,97,100,5.03,snow,2022-02-13 10:06:13
273,Cherskiy,RU,68.75,161.3,-26.57,98,100,3.5,overcast clouds,2022-02-13 10:06:15
274,Kuryk,KZ,43.2,51.65,5.54,68,100,14.0,overcast clouds,2022-02-13 10:06:17
275,Agadir,MA,30.4202,-9.5982,16.25,37,0,0.79,clear sky,2022-02-13 10:02:07
276,Orlik,RU,52.5178,99.825,-21.82,95,94,0.23,overcast clouds,2022-02-13 10:06:20
277,Saint Anthony,US,45.0205,-93.218,-16.59,81,0,4.12,clear sky,2022-02-13 10:06:22
278,Coquimbo,CL,-29.9533,-71.3436,17.31,83,3,1.1,clear sky,2022-02-13 10:01:34
279,Pathein,MM,16.7833,94.7333,30.53,26,29,5.4,scattered clouds,2022-02-13 10:06:24
280,Qaqortoq,GL,60.7167,-46.0333,-3.72,89,100,3.78,overcast clouds,2022-02-13 10:06:26
281,Adre,TD,13.4667,22.2,28.45,9,86,7.75,overcast clouds,2022-02-13 10:06:27
282,Kennett,US,36.2362,-90.0556,-3.95,92,0,0.45,clear sky,2022-02-13 10:06:28
283,Erenhot,CN,43.6475,111.9767,-16.14,76,97,4.63,overcast clouds,2022-02-13 10:06:30
284,Colares,PT,38.7992,-9.4469,15.18,69,20,6.71,few clouds,2022-02-13 10:06:31
285,Nome,US,64.5011,-165.4064,-24.96,70,0,0.0,clear sky,2022-02-13 10:06:33
286,Mogadishu,SO,2.0371,45.3438,27.87,64,15,8.84,few clouds,2022-02-13 10:06:34
287,Mandalgovi,MN,45.7625,106.2708,-18.74,70,9,0.99,clear sky,2022-02-13 10:06:35
288,Alice Springs,AU,-23.7,133.8833,26.75,34,0,3.6,clear sky,2022-02-13 10:06:37
289,Hervey Bay,AU,-25.2986,152.8535,22.24,80,10,7.55,clear sky,2022-02-13 10:06:38
290,Atasu,KZ,48.6814,71.6433,-2.21,96,100,7.86,light snow,2022-02-13 10:06:39
291,Hvolsvollur,IS,63.7533,-20.2243,0.37,85,83,2.26,broken clouds,2022-02-13 10:06:41
292,Mokhsogollokh,RU,61.4681,128.9203,-22.53,98,100,1.28,overcast clouds,2022-02-13 10:06:42
293,Tambopata,PE,-12.7333,-69.1833,21.63,96,100,0.11,overcast clouds,2022-02-13 10:06:45
294,Shelburne,CA,44.0787,-80.2041,-16.91,85,97,1.43,overcast clouds,2022-02-13 10:06:46
295,Bambous Virieux,MU,-20.3428,57.7575,30.12,74,16,6.39,few clouds,2022-02-13 10:06:47
296,Pevek,RU,69.7008,170.3133,-27.74,98,100,3.43,overcast clouds,2022-02-13 10:06:49
297,Asheboro,US,35.7079,-79.8136,8.2,67,0,3.09,clear sky,2022-02-13 10:05:26
298,Miri,MY,4.4148,114.0089,25.72,85,92,1.98,overcast clouds,2022-02-13 10:06:54
299,Gazli,UZ,40.1333,63.45,8.02,41,0,2.09,clear sky,2022-02-13 10:06:55
300,Ponta Delgada,PT,37.7333,-25.6667,16.95,94,75,3.6,broken clouds,2022-02-13 10:06:56
301,Helong,CN,42.5397,128.9972,-8.78,58,56,1.32,broken clouds,2022-02-13 10:06:58
302,Kalaleh,IR,37.3807,55.4916,15.3,42,0,2.87,clear sky,2022-02-13 10:06:59
303,Nelson Bay,AU,-32.7167,152.15,22.78,72,1,5.15,clear sky,2022-02-13 10:07:00
304,Arlit,NE,18.7369,7.3853,25.57,10,20,1.26,few clouds,2022-02-13 10:07:02
305,Kloulklubed,PW,7.0419,134.2556,27.28,76,35,9.51,scattered clouds,2022-02-13 10:07:03
306,Tabuk,PH,17.4189,121.4443,22.83,92,100,2.34,overcast clouds,2022-02-13 10:07:05
307,Port Lincoln,AU,-34.7333,135.8667,19.11,92,60,6.65,broken clouds,2022-02-13 10:07:06
308,Itapui,BR,-22.2333,-48.7192,20.38,94,22,2.3,few clouds,2022-02-13 10:07:07
309,Leningradskiy,RU,69.3833,178.4167,-26.26,97,97,2.23,overcast clouds,2022-02-13 10:07:09
310,Lagos,NG,6.5833,3.75,33.17,52,65,1.57,light rain,2022-02-13 10:03:04
311,Fuxin,CN,42.0156,121.6589,-9.81,77,100,4.65,overcast clouds,2022-02-13 10:07:11
312,Srednekolymsk,RU,67.45,153.6833,-33.33,96,72,2.88,broken clouds,2022-02-13 10:07:13
313,Kangaatsiaq,GL,68.3065,-53.4641,-15.35,89,100,4.44,overcast clouds,2022-02-13 10:07:14
314,Canchungo,GW,12.0672,-16.0333,28.15,11,0,6.45,clear sky,2022-02-13 10:07:16
315,Margate,GB,51.3813,1.3862,7.92,79,100,5.81,overcast clouds,2022-02-13 10:07:18
316,Varnavino,RU,57.4035,45.0916,-1.62,83,97,4.47,overcast clouds,2022-02-13 10:07:19
317,Zhigansk,RU,66.7697,123.3711,-35.03,100,91,1.96,overcast clouds,2022-02-13 10:07:21
318,Nemuro,JP,43.3236,145.575,-2.93,84,98,3.76,overcast clouds,2022-02-13 10:07:22
319,Padang,ID,-0.9492,100.3543,31.03,72,61,1.64,heavy intensity rain,2022-02-13 10:07:23
320,Jacqueville,CI,5.2052,-4.4146,30.95,78,19,3.5,light rain,2022-02-13 10:07:25
321,Yulara,AU,-25.2406,130.9889,32.91,14,5,3.09,clear sky,2022-02-13 10:05:31
322,Araouane,ML,18.9048,-3.5265,20.53,18,91,7.29,overcast clouds,2022-02-13 10:07:28
323,Hovd,MN,48.0056,91.6419,-21.64,93,66,1.19,broken clouds,2022-02-13 10:07:29
324,Hofn,IS,64.2539,-15.2082,-6.22,69,0,7.43,clear sky,2022-02-13 10:07:30
325,Tumut,AU,-35.3,148.2167,21.16,44,99,1.09,overcast clouds,2022-02-13 10:07:32
326,Saskylakh,RU,71.9167,114.0833,-25.95,83,26,1.94,scattered clouds,2022-02-13 10:07:33
327,Nagato,JP,34.3833,131.2,7.33,88,100,4.11,moderate rain,2022-02-13 10:07:34
328,Iqaluit,CA,63.7506,-68.5145,-30.73,74,100,1.55,overcast clouds,2022-02-13 10:07:19
329,Pumiao,CN,22.75,108.4833,10.45,81,99,2.64,moderate rain,2022-02-13 10:07:37
330,Gallipoli,TR,40.4103,26.6708,6.92,74,100,9.72,overcast clouds,2022-02-13 10:07:38
331,Santa Rita Arriba,PA,9.3378,-79.78,23.1,89,79,2.68,broken clouds,2022-02-13 10:07:40
332,Tecoanapa,MX,16.5167,-98.75,22.42,63,29,1.92,scattered clouds,2022-02-13 10:07:41
333,Mount Gambier,AU,-37.8333,140.7667,16.5,84,100,1.94,overcast clouds,2022-02-13 10:07:42
334,Sutton,GB,51.35,-0.2,8.36,85,75,10.29,broken clouds,2022-02-13 10:07:44
335,Dzhebariki-Khaya,RU,62.2167,135.8,-36.84,100,53,0.47,broken clouds,2022-02-13 10:07:45
336,Acapulco,MX,16.8634,-99.8901,23.9,78,75,0.0,broken clouds,2022-02-13 10:06:39
337,Hay River,CA,60.8156,-115.7999,-19.35,97,100,4.72,overcast clouds,2022-02-13 10:07:48
338,Samarai,PG,-10.6167,150.6667,27.42,73,28,3.6,scattered clouds,2022-02-13 10:07:49
339,Monte Santo De Minas,BR,-21.1897,-46.9803,18.54,97,45,1.23,scattered clouds,2022-02-13 10:07:50
340,Seoul,KR,37.5683,126.9778,5.23,38,79,1.42,broken clouds,2022-02-13 10:05:19
341,Amalapuram,IN,16.5833,82.0167,30.21,44,60,3.82,broken clouds,2022-02-13 10:07:53
342,Puri,IN,19.8,85.85,28.29,39,10,4.35,clear sky,2022-02-13 10:07:54
343,Brae,GB,60.3964,-1.353,6.95,87,78,7.92,broken clouds,2022-02-13 10:07:56
344,Rio Blanco,MX,18.8333,-97.15,14.94,98,99,2.09,overcast clouds,2022-02-13 10:07:57
345,Sao Joao Da Barra,BR,-21.6403,-41.0511,23.05,88,84,1.39,broken clouds,2022-02-13 10:07:58
346,Mahibadhoo,MV,3.7833,72.9667,27.2,72,100,1.76,light rain,2022-02-13 10:08:00
347,Lompoc,US,34.6391,-120.4579,18.96,57,0,2.57,clear sky,2022-02-13 10:08:01
348,Saldanha,ZA,-33.0117,17.9442,21.05,70,27,7.8,scattered clouds,2022-02-13 10:08:03
349,Coari,BR,-4.085,-63.1414,22.67,98,100,1.1,overcast clouds,2022-02-13 10:08:04
350,Tommot,RU,58.9564,126.2925,-29.6,100,48,0.24,scattered clouds,2022-02-13 10:08:06
351,Tutoia,BR,-2.7619,-42.2744,26.99,87,42,4.03,scattered clouds,2022-02-13 10:08:08
352,Sandwick,GB,60.0,-1.25,6.9,93,40,8.75,scattered clouds,2022-02-13 10:08:10
353,Catuday,PH,16.2923,119.8062,26.72,68,100,1.85,overcast clouds,2022-02-13 10:08:11
354,Guipavas,FR,48.4352,-4.3972,10.09,93,100,13.38,moderate rain,2022-02-13 10:08:14
355,Manado,ID,1.487,124.8455,26.43,89,40,1.54,scattered clouds,2022-02-13 10:08:16
356,Atikokan,CA,48.7555,-91.6216,-34.15,100,33,1.09,scattered clouds,2022-02-13 10:08:18
357,Nabire,ID,-3.3667,135.4833,25.95,84,100,0.39,overcast clouds,2022-02-13 10:08:19
358,Sola,VU,-13.8833,167.55,26.9,80,99,7.75,light rain,2022-02-13 10:08:20
359,Redcar,GB,54.6166,-1.06,9.19,39,100,9.75,moderate rain,2022-02-13 10:08:22
360,Paamiut,GL,61.994,-49.6678,-3.49,72,100,13.96,overcast clouds,2022-02-13 10:08:23
361,Cidreira,BR,-30.1811,-50.2056,21.53,83,32,2.8,scattered clouds,2022-02-13 10:08:25
362,Diffa,NE,13.3154,12.6113,27.42,14,1,6.07,clear sky,2022-02-13 10:08:26
363,Saint Albans,GB,51.75,-0.3333,8.25,85,100,6.69,overcast clouds,2022-02-13 10:08:27
364,Murfreesboro,US,35.8456,-86.3903,-3.36,75,100,4.12,overcast clouds,2022-02-13 10:07:42
365,West Wendover,US,40.7391,-114.0733,2.23,58,1,1.18,clear sky,2022-02-13 10:08:31
366,Bubaque,GW,11.2833,-15.8333,24.77,38,0,9.15,clear sky,2022-02-13 10:08:33
367,Cay,TR,38.5917,31.0286,4.31,77,90,1.65,overcast clouds,2022-02-13 10:08:35
368,Yuzhou,CN,34.1628,113.4639,8.38,58,38,2.55,scattered clouds,2022-02-13 10:08:36
369,High Level,CA,58.5169,-117.136,-11.08,87,76,5.2,broken clouds,2022-02-13 10:08:26
370,Kanniyakumari,IN,8.0833,77.5667,26.71,71,100,9.83,overcast clouds,2022-02-13 10:08:39
371,Basar,IN,27.9833,94.6667,19.7,27,0,0.69,clear sky,2022-02-13 10:08:40
372,Kiama,AU,-34.6833,150.8667,21.99,72,9,3.13,clear sky,2022-02-13 10:08:42
373,La Ronge,CA,55.1001,-105.2842,-13.88,85,100,4.12,overcast clouds,2022-02-13 10:08:43
374,Alugan,PH,12.2188,125.4808,25.96,81,96,5.86,overcast clouds,2022-02-13 10:08:44
375,Sept-Iles,CA,50.2001,-66.3821,-24.44,88,1,3.97,clear sky,2022-02-13 10:08:46
376,Alofi,NU,-19.0595,-169.9187,27.44,74,79,6.8,broken clouds,2022-02-13 10:08:47
377,Adrar,MR,20.5022,-10.0711,19.24,21,80,5.39,broken clouds,2022-02-13 10:08:48
378,Alghero,IT,40.5589,8.3181,14.05,72,20,5.66,few clouds,2022-02-13 10:05:24
379,Longyearbyen,SJ,78.2186,15.6401,-11.09,85,75,4.63,broken clouds,2022-02-13 10:08:51
380,Katherine,AU,-14.4667,132.2667,28.18,69,69,0.51,light rain,2022-02-13 10:08:52
381,Catumbela,AO,-12.4314,13.5472,28.64,53,96,4.26,overcast clouds,2022-02-13 10:08:54
382,Altay,CN,47.8667,88.1167,-12.61,99,84,0.54,broken clouds,2022-02-13 10:08:55
383,Dzerzhinsk,RU,56.2389,43.4631,-1.1,92,100,4.0,snow,2022-02-13 10:08:57
384,Surt,LY,31.2089,16.5887,15.33,50,0,1.85,clear sky,2022-02-13 10:08:59
385,Krasnogorsk,RU,55.8225,37.3181,1.14,67,75,9.0,broken clouds,2022-02-13 10:09:01
386,Necochea,AR,-38.5473,-58.7368,11.51,67,13,2.17,few clouds,2022-02-13 10:09:02
387,Bauchi,NG,10.5,10.0,29.07,9,6,3.31,clear sky,2022-02-13 10:09:03
388,Bourail,NC,-21.5667,165.4833,26.15,88,100,2.23,overcast clouds,2022-02-13 10:09:05
389,Leshukonskoye,RU,64.8989,45.7622,-8.32,94,100,3.26,overcast clouds,2022-02-13 10:09:07
390,Mercedes,AR,-34.6515,-59.4307,11.77,69,0,2.58,clear sky,2022-02-13 10:09:10
391,Luangwa,ZM,-15.6167,30.4167,28.61,63,100,1.93,light rain,2022-02-13 10:09:11
392,Fukue,JP,32.6881,128.8419,11.49,67,100,9.65,light rain,2022-02-13 10:09:13
393,Thompson,CA,55.7435,-97.8558,-31.81,100,78,1.75,broken clouds,2022-02-13 10:09:14
394,Chiang Khong,TH,20.2613,100.4046,32.58,23,9,0.88,clear sky,2022-02-13 10:09:15
395,Vila Franca Do Campo,PT,37.7167,-25.4333,16.78,91,99,3.63,overcast clouds,2022-02-13 10:09:17
396,Chauk,MM,20.8833,94.8167,29.04,19,91,3.4,overcast clouds,2022-02-13 10:09:18
397,Swampscott,US,42.4709,-70.9175,1.91,63,100,6.17,light snow,2022-02-13 10:09:19
398,Beyneu,KZ,45.3167,55.2,5.54,90,100,13.0,overcast clouds,2022-02-13 10:09:21
399,Tete,MZ,-16.1564,33.5867,30.05,62,40,4.12,scattered clouds,2022-02-13 10:09:22
400,Okhotsk,RU,59.3833,143.3,-24.65,87,5,3.07,clear sky,2022-02-13 10:09:24
401,Axim,GH,4.8699,-2.2405,28.75,71,46,3.35,scattered clouds,2022-02-13 10:09:25
402,Pahrump,US,36.2083,-115.9839,13.43,23,0,1.17,clear sky,2022-02-13 10:09:26
403,Puerto Escondido,MX,15.85,-97.0667,24.46,60,48,1.62,scattered clouds,2022-02-13 10:07:38
404,Itoman,JP,26.1247,127.6694,20.01,88,75,5.14,heavy intensity shower rain,2022-02-13 10:09:29
405,Salinopolis,BR,-0.6136,-47.3561,25.6,87,100,3.73,overcast clouds,2022-02-13 10:09:30
406,Tamiahua,MX,21.2667,-97.45,15.84,69,100,11.58,overcast clouds,2022-02-13 10:04:37
407,Abu Zabad,SD,12.35,29.25,29.72,9,91,8.12,overcast clouds,2022-02-13 10:09:34
408,Blagoyevo,RU,63.3667,47.9167,-7.62,90,71,3.08,broken clouds,2022-02-13 10:09:35
409,Totma,RU,59.9747,42.7642,-4.72,89,98,3.4,overcast clouds,2022-02-13 10:09:37
410,Havoysund,NO,70.9963,24.6622,-6.51,64,24,7.25,few clouds,2022-02-13 10:09:38
411,Mwinilunga,ZM,-11.7358,24.4293,20.11,79,100,2.44,overcast clouds,2022-02-13 10:09:39
412,Altus,US,34.6381,-99.334,-1.96,63,0,3.09,clear sky,2022-02-13 10:09:41
413,Quatre Cocos,MU,-20.2078,57.7625,30.61,74,23,6.6,light rain,2022-02-13 10:09:42
414,Clearwater,US,27.9659,-82.8001,16.73,87,75,3.13,light intensity drizzle,2022-02-13 10:09:43
415,Mokrousovo,RU,55.8103,66.7653,-12.99,89,96,1.88,overcast clouds,2022-02-13 10:09:45
416,Kupang,ID,-10.1667,123.5833,27.41,82,56,3.41,broken clouds,2022-02-13 10:09:46
417,Benjamin Aceval,PY,-24.9667,-57.5667,20.08,72,9,2.88,clear sky,2022-02-13 10:09:48
418,Dangara,IN,29.6799,75.8931,23.92,23,0,0.65,clear sky,2022-02-13 10:09:49
419,Sharlyk,RU,52.9167,54.75,-2.8,95,100,4.43,light snow,2022-02-13 10:09:50
420,Launceston,AU,-41.45,147.1667,20.64,72,75,5.14,broken clouds,2022-02-13 10:09:52
421,Nizwa,OM,22.9333,57.5333,26.57,23,1,5.85,clear sky,2022-02-13 10:09:53
422,Yantal,RU,56.8471,105.2542,-24.65,97,93,1.12,overcast clouds,2022-02-13 10:09:55
423,Calvinia,ZA,-31.4707,19.776,28.63,38,81,4.17,broken clouds,2022-02-13 10:09:56
424,Berlevag,NO,70.8578,29.0864,-5.77,68,2,7.31,clear sky,2022-02-13 10:09:57
425,Turukhansk,RU,65.8167,87.9833,-19.5,82,0,4.11,clear sky,2022-02-13 10:09:59
426,Hashtrud,IR,37.4779,47.0508,-0.58,84,53,0.76,broken clouds,2022-02-13 10:09:10
427,Camacha,PT,33.0833,-16.3333,15.42,67,20,3.6,few clouds,2022-02-13 10:10:01
428,Leua,SK,48.2156,18.6071,6.18,40,0,4.15,clear sky,2022-02-13 10:10:03
429,Rurrenabaque,BO,-14.4413,-67.5278,21.26,99,100,1.1,heavy intensity rain,2022-02-13 10:10:04
430,Malakal,SS,9.5334,31.6605,34.89,13,12,4.74,few clouds,2022-02-13 10:10:06
431,Muros,ES,42.7762,-9.0603,13.24,93,100,11.26,light rain,2022-02-13 10:10:07
432,Mecca,SA,21.4267,39.8261,29.16,26,1,0.37,clear sky,2022-02-13 10:10:08
433,Banda Aceh,ID,5.5577,95.3222,28.7,72,38,6.37,scattered clouds,2022-02-13 10:10:10
434,Belmonte,BR,-15.8631,-38.8828,24.28,86,99,1.11,overcast clouds,2022-02-13 10:10:11
435,Mackay,AU,-21.15,149.2,25.93,73,1,9.17,clear sky,2022-02-13 10:10:12
436,Baracoa,CU,20.3467,-74.4958,24.2,81,99,3.79,overcast clouds,2022-02-13 10:10:14
437,Nishihara,JP,26.1842,127.7558,19.6,88,75,5.14,heavy intensity shower rain,2022-02-13 10:10:15
438,Ilulissat,GL,69.2167,-51.1,-11.99,72,100,3.09,overcast clouds,2022-02-13 10:10:17
439,Amarante,BR,-6.2411,-42.8547,23.02,94,78,0.76,broken clouds,2022-02-13 10:10:18
440,Pala,TD,9.3642,14.9046,31.48,8,71,3.82,broken clouds,2022-02-13 10:10:20
441,Laizhou,CN,37.1717,119.9214,3.31,68,71,1.65,broken clouds,2022-02-13 10:10:21
442,Bonavista,CA,48.6499,-53.1147,6.73,91,100,9.43,overcast clouds,2022-02-13 10:10:22
443,Anadyr,RU,64.75,177.4833,-37.88,100,59,2.88,broken clouds,2022-02-13 10:10:24
444,Viedma,AR,-40.8135,-62.9967,18.76,28,29,4.15,scattered clouds,2022-02-13 10:10:24
445,Santo Antonio Do Leverger,BR,-15.8656,-56.0767,23.21,97,98,1.46,overcast clouds,2022-02-13 10:10:26
446,Tomatlan,MX,19.9333,-105.25,18.84,55,53,1.36,broken clouds,2022-02-13 10:10:28
447,Puerto Del Rosario,ES,28.5004,-13.8627,18.86,68,0,5.14,clear sky,2022-02-13 10:10:29
448,Kaniama,CD,-7.5667,24.1833,23.9,80,100,1.4,light rain,2022-02-13 10:10:30
449,Victoria,HK,22.2855,114.1577,17.92,84,100,3.58,overcast clouds,2022-02-13 10:10:33
450,Husavik,IS,66.0449,-17.3389,-13.17,95,45,7.0,scattered clouds,2022-02-13 10:10:34
451,Poum,NC,-20.2333,164.0167,27.83,80,96,4.39,overcast clouds,2022-02-13 10:10:36
452,Ugoofaaru,MV,5.6667,73.0,27.32,73,100,1.98,light rain,2022-02-13 10:10:37
453,Kargasok,RU,59.0556,80.8572,-14.95,90,47,6.04,scattered clouds,2022-02-13 10:10:38
454,Freistadt,AT,48.511,14.5045,6.07,53,30,2.16,scattered clouds,2022-02-13 10:10:40
455,Gimli,CA,50.6336,-96.9907,-31.98,100,97,2.7,overcast clouds,2022-02-13 10:10:41
456,Tiznit,MA,29.5833,-9.5,17.13,32,0,0.64,clear sky,2022-02-13 10:10:43
457,Kununurra,AU,-15.7667,128.7333,32.99,55,40,9.26,scattered clouds,2022-02-13 10:10:44
458,Olinda,BR,-8.0089,-34.8553,26.85,83,20,1.03,few clouds,2022-02-13 10:10:45
459,Batemans Bay,AU,-35.7167,150.1833,22.73,73,82,3.91,broken clouds,2022-02-13 10:10:47
460,Sharjah,AE,25.3573,55.4033,23.09,49,40,7.2,scattered clouds,2022-02-13 10:10:05
461,Vila Velha,BR,-20.3297,-40.2925,23.97,98,20,1.03,few clouds,2022-02-13 10:10:38
462,Auki,SB,-8.7676,160.7034,25.9,83,100,1.19,overcast clouds,2022-02-13 10:10:50
463,Chumikan,RU,54.7183,135.315,-18.08,89,100,1.04,overcast clouds,2022-02-13 10:10:52
464,Porto Novo,BJ,6.4965,2.6036,31.53,58,42,3.74,scattered clouds,2022-02-13 10:10:54
465,Seabra,BR,-12.4186,-41.7703,20.14,89,100,1.07,overcast clouds,2022-02-13 10:10:56
466,Alyangula,AU,-13.8483,136.4192,28.83,70,1,5.02,clear sky,2022-02-13 10:10:57
467,Lavrentiya,RU,65.5833,-171.0,-27.32,93,10,2.87,clear sky,2022-02-13 10:10:58
468,Garavuti,TJ,37.5672,68.4469,14.36,50,23,1.12,few clouds,2022-02-13 10:11:01
469,Jalu,LY,29.0331,21.5482,16.31,36,11,2.84,few clouds,2022-02-13 10:11:02
470,Kembe,CF,4.6228,21.8865,35.99,11,100,2.47,overcast clouds,2022-02-13 10:11:04
471,Skvyra,UA,49.7318,29.6657,2.98,47,14,5.33,few clouds,2022-02-13 10:11:05
472,Shubarshi,KZ,48.5872,57.1869,-1.18,98,100,5.4,snow,2022-02-13 10:11:06
473,Bayshore Gardens,US,27.4253,-82.5904,17.3,76,100,2.06,light rain,2022-02-13 10:11:08
474,Sakakah,SA,29.9697,40.2064,16.11,23,0,2.06,clear sky,2022-02-13 10:11:09
475,Izhma,RU,65.0083,53.9113,-8.12,94,99,2.21,overcast clouds,2022-02-13 10:11:11
476,Nueva Loja,EC,0.0847,-76.8828,21.41,89,95,0.2,light rain,2022-02-13 10:11:12
477,Kasese,UG,0.1833,30.0833,31.22,35,38,1.74,scattered clouds,2022-02-13 10:11:13
478,Sorong,ID,-0.8833,131.25,27.31,75,65,2.49,broken clouds,2022-02-13 10:11:15
479,Tanout,NE,14.9709,8.8879,24.54,10,0,7.49,clear sky,2022-02-13 10:11:17
480,Praia,CV,14.9215,-23.5087,23.34,62,43,9.45,scattered clouds,2022-02-13 10:11:19
481,Teluk Nibung,ID,3.001,99.8164,28.74,72,94,3.6,light rain,2022-02-13 10:11:20
482,Kahului,US,20.8947,-156.47,23.25,79,0,2.57,clear sky,2022-02-13 10:09:51
483,Ranfurly,NZ,-45.1333,170.1,8.69,94,94,1.86,overcast clouds,2022-02-13 10:11:23
484,Amahai,ID,-3.3333,128.9167,24.56,92,100,2.12,moderate rain,2022-02-13 10:11:24
485,San Policarpo,PH,12.1791,125.5072,26.26,80,93,6.29,overcast clouds,2022-02-13 10:11:25
486,Kaka,TM,37.3482,59.6143,13.24,45,2,4.3,clear sky,2022-02-13 10:11:28
487,Okha,RU,53.5739,142.9478,-21.89,99,51,2.46,broken clouds,2022-02-13 10:11:29
488,Flinders,AU,-34.5833,150.8552,21.88,69,12,4.7,few clouds,2022-02-13 10:11:31
489,Naze,JP,28.3667,129.4833,16.36,82,100,3.38,light rain,2022-02-13 10:11:32
490,Apricena,IT,41.7839,15.4437,11.16,63,30,1.25,scattered clouds,2022-02-13 10:11:33
491,Lata,PT,40.1629,-8.3327,11.13,76,99,2.72,overcast clouds,2022-02-13 10:11:35
492,Siderno,IT,38.2779,16.302,16.98,67,6,2.76,clear sky,2022-02-13 10:11:36
493,Abu Kamal,SY,34.4506,40.9171,18.15,29,0,4.87,clear sky,2022-02-13 10:11:37
494,Miraflores,MX,19.2167,-98.8083,10.57,74,50,1.56,scattered clouds,2022-02-13 10:11:39
495,La Celle-Saint-Cloud,FR,48.8503,2.1452,5.51,79,0,5.14,clear sky,2022-02-13 10:08:44
496,Rochefort,FR,45.9167,-1.0,9.94,83,89,3.58,overcast clouds,2022-02-13 10:11:41
497,Odweyne,SO,9.4092,45.064,29.26,17,83,7.17,broken clouds,2022-02-13 10:11:43
498,Lasa,IT,46.6166,10.7002,1.12,41,55,1.67,broken clouds,2022-02-13 10:11:44
499,Yar-Sale,RU,66.8333,70.8333,-20.67,94,100,5.52,overcast clouds,2022-02-13 10:11:45
500,Sai Buri,TH,6.7013,101.6168,28.31,72,24,5.05,few clouds,2022-02-13 10:11:47
501,Tuatapere,NZ,-46.1333,167.6833,11.01,89,97,1.1,overcast clouds,2022-02-13 10:11:48
502,Boguchany,RU,58.3814,97.4531,-17.9,94,100,2.44,overcast clouds,2022-02-13 10:11:50
503,Jacareacanga,BR,-6.2222,-57.7528,22.14,100,100,1.27,overcast clouds,2022-02-13 10:11:52
504,Gat,IL,31.61,34.7642,20.78,44,0,1.62,clear sky,2022-02-13 10:09:33
505,Tongren,CN,27.7172,109.1853,8.27,81,97,0.72,overcast clouds,2022-02-13 10:11:56
506,Bilibino,RU,68.0546,166.4372,-33.68,100,97,0.69,overcast clouds,2022-02-13 10:11:57
507,Mount Pleasant,US,32.7941,-79.8626,13.99,93,100,2.57,overcast clouds,2022-02-13 10:10:11
508,Songjianghe,CN,42.1859,127.479,-12.98,91,65,1.49,broken clouds,2022-02-13 10:12:00
509,Ouargaye,BF,11.5033,0.0572,30.2,9,16,5.25,few clouds,2022-02-13 10:12:01
510,Shenjiamen,CN,29.9576,122.298,7.37,91,100,7.7,light rain,2022-02-13 10:12:02
511,Boundiali,CI,9.5217,-6.4869,28.49,11,1,1.97,clear sky,2022-02-13 10:12:04
512,Lyubashivka,UA,47.8372,30.2598,3.21,52,6,3.39,clear sky,2022-02-13 10:12:05
513,Port Blair,IN,11.6667,92.75,27.67,57,46,4.74,scattered clouds,2022-02-13 10:12:06
514,Bekkevoort,BE,50.9336,4.9667,6.83,68,100,5.66,overcast clouds,2022-02-13 10:12:08
515,Karlstad,SE,59.3793,13.5036,3.31,100,100,8.23,overcast clouds,2022-02-13 10:12:09
516,San Jorge,AR,-31.8962,-61.8598,10.23,58,0,2.36,clear sky,2022-02-13 10:12:11
517,Hamilton,US,39.1834,-84.5333,-6.1,70,100,5.14,overcast clouds,2022-02-13 10:12:12
518,Tahta,EG,26.7693,31.5021,22.1,19,0,3.53,clear sky,2022-02-13 10:12:13
519,Tarbert,GB,55.8628,-5.4162,6.99,96,100,1.75,moderate rain,2022-02-13 10:12:15
520,Mitzic,GA,0.7821,11.549,30.06,52,92,1.87,light rain,2022-02-13 10:12:16
521,Manzanillo,CU,20.3433,-77.1167,22.65,85,1,1.55,clear sky,2022-02-13 10:12:18
522,Bambanglipuro,ID,-7.95,110.2833,25.39,89,100,0.91,overcast clouds,2022-02-13 10:12:19
523,Grand Island,US,40.925,-98.342,-4.33,65,0,5.66,clear sky,2022-02-13 10:12:20
524,Krizevci,HR,46.0219,16.5425,6.56,41,1,1.32,clear sky,2022-02-13 10:12:22
525,Batagay,RU,67.6333,134.6333,-30.63,95,77,1.56,broken clouds,2022-02-13 10:12:24
526,Alberton,CA,46.8168,-64.0654,-11.37,80,86,6.99,overcast clouds,2022-02-13 10:12:25
527,Tynda,RU,55.1667,124.7167,-25.02,96,90,1.32,overcast clouds,2022-02-13 10:12:27
528,Bereda,ES,43.2686,-7.5406,11.06,75,100,4.82,overcast clouds,2022-02-13 10:12:28
529,Kendari,ID,-3.945,122.4989,24.4,93,99,2.34,light rain,2022-02-13 10:12:30
530,Richards Bay,ZA,-28.783,32.0377,33.44,41,0,6.29,clear sky,2022-02-13 10:12:31
531,Amursk,RU,50.2261,136.8994,-8.56,89,100,4.83,overcast clouds,2022-02-13 10:12:32
532,Borova,UA,50.1763,30.1043,3.52,40,14,5.02,few clouds,2022-02-13 10:12:34
533,Tocache,PE,-8.1842,-76.5125,20.36,99,100,0.34,overcast clouds,2022-02-13 10:12:35
534,Verkh-Chebula,RU,56.0308,87.6218,-14.54,90,7,2.92,clear sky,2022-02-13 10:12:36
535,Darhan,MN,49.4867,105.9228,-24.76,96,64,1.08,broken clouds,2022-02-13 10:12:38
536,Zaozerne,UA,45.1582,33.2787,7.75,53,28,6.09,scattered clouds,2022-02-13 10:12:17
537,Gornopravdinsk,RU,60.05,69.9,-13.75,86,100,2.35,overcast clouds,2022-02-13 10:12:40
538,Kalutara,LK,6.5831,79.9593,26.8,72,98,5.77,light rain,2022-02-13 10:12:42
539,Sawakin,SD,19.1059,37.3321,25.91,50,1,8.97,clear sky,2022-02-13 10:12:43
540,Santa Teresa,VE,10.2341,-66.6631,21.51,84,86,0.71,overcast clouds,2022-02-13 10:12:44
541,Aklavik,CA,68.2191,-135.0107,-40.02,100,20,1.61,few clouds,2022-02-13 10:12:46
542,Kawalu,ID,-7.3817,108.2082,22.97,98,100,0.54,moderate rain,2022-02-13 10:12:47
543,Sorland,NO,67.667,12.6934,-1.96,80,100,1.32,overcast clouds,2022-02-13 10:12:48
544,North Vanlaiphai,IN,23.1333,93.0667,20.59,19,0,2.23,clear sky,2022-02-13 10:12:51
545,San Jeronimo,PE,-11.9472,-75.2829,7.48,89,92,0.88,overcast clouds,2022-02-13 10:12:52
546,Atbasar,KZ,51.8,68.3333,-7.33,91,37,3.65,scattered clouds,2022-02-13 10:12:54
547,Hasaki,JP,35.7333,140.8333,5.22,89,100,7.38,overcast clouds,2022-02-13 10:12:55
548,Poronaysk,RU,49.2167,143.1167,-8.98,90,100,2.82,overcast clouds,2022-02-13 10:12:56
549,Broken Hill,AU,-31.95,141.4333,32.0,20,9,4.79,clear sky,2022-02-13 10:12:58
550,Dingle,PH,10.9995,122.6711,25.82,83,100,3.76,overcast clouds,2022-02-13 10:12:59
551,Dalbandin,PK,28.8947,64.4101,21.03,13,39,2.56,scattered clouds,2022-02-13 10:13:00
552,Krasnoselkup,RU,65.7,82.4667,-16.33,84,4,5.71,clear sky,2022-02-13 10:13:03
553,Daru,PG,-9.0763,143.2092,26.71,78,9,4.69,clear sky,2022-02-13 10:13:04
554,Tautira,PF,-17.7333,-149.15,26.01,76,100,6.29,light rain,2022-02-13 10:13:06
555,Uinskoye,RU,56.8817,56.5813,-3.07,90,100,2.63,light snow,2022-02-13 10:13:07
556,Vallenar,CL,-28.5708,-70.7581,15.79,82,0,0.84,clear sky,2022-02-13 10:13:08
557,Walvis Bay,NA,-22.9575,14.5053,25.05,67,82,2.7,broken clouds,2022-02-13 10:13:10
558,Kolosovka,RU,56.4678,73.611,-10.84,91,100,1.32,light snow,2022-02-13 10:13:11
559,Tahe,CN,52.3333,124.7333,-19.14,96,100,1.35,overcast clouds,2022-02-13 10:13:13
560,Ola,RU,59.5833,151.2833,-22.02,84,50,3.47,scattered clouds,2022-02-13 10:13:14
561,Boditi,ET,6.9667,37.8667,26.88,22,65,3.17,broken clouds,2022-02-13 10:13:15
562,Novopavlovka,RU,51.2172,109.2091,-23.5,93,93,0.98,overcast clouds,2022-02-13 10:13:17
563,Huilong,CN,31.8111,121.655,7.8,81,100,3.09,light rain,2022-02-13 10:13:18
564,The Valley,AI,18.217,-63.0578,25.05,76,5,10.36,clear sky,2022-02-13 10:13:20
565,Arman,RU,59.7,150.1667,-22.49,81,71,3.7,broken clouds,2022-02-13 10:13:21
566,Oranjestad,AW,12.524,-70.027,25.78,79,50,10.3,scattered clouds,2022-02-13 10:13:22
567,Portland,US,45.5234,-122.6762,8.99,57,0,4.92,clear sky,2022-02-13 10:10:18
568,Meulaboh,ID,4.1363,96.1285,28.59,73,62,3.33,broken clouds,2022-02-13 10:13:25
569,Kibuye,RW,-2.0597,29.3482,23.3,58,98,1.02,overcast clouds,2022-02-13 10:13:26
570,Asyut,EG,27.181,31.1837,21.9,20,0,3.58,clear sky,2022-02-13 10:13:27
571,Kapit,MY,2.0167,112.9333,26.09,90,99,0.38,overcast clouds,2022-02-13 10:13:29
572,Burnie,AU,-41.0667,145.9167,17.75,90,99,1.89,overcast clouds,2022-02-13 10:13:30
573,Azangaro,PE,-14.9167,-70.2167,3.77,89,87,0.83,overcast clouds,2022-02-13 10:13:32
574,Mpulungu,ZM,-8.7623,31.1141,24.41,76,100,0.68,light rain,2022-02-13 10:13:33
575,Ibirite,BR,-20.0219,-44.0589,19.73,93,67,0.61,broken clouds,2022-02-13 10:13:34
576,Rantepao,ID,-2.9701,119.8978,21.01,97,93,0.57,overcast clouds,2022-02-13 10:13:36
577,Menongue,AO,-14.6585,17.691,23.8,63,97,4.92,light rain,2022-02-13 10:13:37
578,Khvorostyanka,RU,52.6096,48.9597,-5.06,90,33,4.37,light snow,2022-02-13 10:13:38
579,Cabedelo,BR,-6.9811,-34.8339,28.37,71,34,4.17,scattered clouds,2022-02-13 10:13:40
580,Northam,GB,51.0333,-4.2167,10.23,94,100,13.5,moderate rain,2022-02-13 10:13:42
581,Balsas,BR,-7.5325,-46.0356,23.22,90,97,0.37,overcast clouds,2022-02-13 10:13:44
582,Howard Springs,AU,-12.497,131.047,30.95,75,26,1.88,scattered clouds,2022-02-13 10:13:46
583,Port Moresby,PG,-9.4431,147.1797,26.2,77,5,4.66,clear sky,2022-02-13 10:13:49
584,Tchollire,CM,8.4022,14.1698,32.46,9,65,2.57,broken clouds,2022-02-13 10:13:50
585,Bay Roberts,CA,47.5999,-53.2648,8.14,93,98,5.36,overcast clouds,2022-02-13 10:13:51
586,Tevaitoa,PF,-16.7833,-151.5,27.13,75,89,6.42,overcast clouds,2022-02-13 10:13:53
587,Maryville,US,35.7565,-83.9705,2.04,81,100,3.6,overcast clouds,2022-02-13 10:13:54
588,Safranbolu,TR,41.2508,32.6942,7.85,76,100,1.44,overcast clouds,2022-02-13 10:13:56
589,Manggar,ID,-2.8833,108.2667,28.02,74,99,2.48,overcast clouds,2022-02-13 10:13:58
590,Batetskiy,RU,58.6461,30.3027,-0.62,91,100,4.87,snow,2022-02-13 10:13:59
591,Korgen,NO,66.0771,13.8153,-1.26,96,100,2.01,light snow,2022-02-13 10:14:01
592,Noumea,NC,-22.2763,166.4572,28.33,99,100,4.38,overcast clouds,2022-02-13 10:14:02
593,Coahuayana,MX,18.7333,-103.6833,22.56,51,69,1.38,broken clouds,2022-02-13 10:14:04
594,Jorochito,BO,-18.05,-63.4333,19.85,79,99,2.43,overcast clouds,2022-02-13 10:14:05
595,Bintulu,MY,3.1667,113.0333,26.78,82,86,1.43,overcast clouds,2022-02-13 10:14:06
596,Manokwari,ID,-0.8667,134.0833,26.46,82,85,3.79,overcast clouds,2022-02-13 10:14:08
597,Santander,ES,43.4647,-3.8044,15.95,49,0,8.23,clear sky,2022-02-13 10:12:41
598,Lagoa,PT,39.05,-27.9833,14.79,71,65,6.62,broken clouds,2022-02-13 10:14:10
599,Ostrovnoy,RU,68.0531,39.5131,-6.76,85,97,4.69,light snow,2022-02-13 10:14:12
600,Verkhnyaya Inta,RU,65.9811,60.3094,-11.28,81,99,3.52,overcast clouds,2022-02-13 10:14:13
601,Inongo,CD,-1.95,18.2667,27.01,68,93,2.78,overcast clouds,2022-02-13 10:14:14
602,Atar,MR,20.5169,-13.0499,21.18,21,89,5.11,overcast clouds,2022-02-13 10:14:16
603,Salinas,US,36.6777,-121.6555,18.72,55,0,3.6,clear sky,2022-02-13 10:14:17
604,Northport,US,33.229,-87.5772,3.16,64,100,4.63,overcast clouds,2022-02-13 10:10:52
605,Kopong,BW,-24.4833,25.8833,31.61,21,57,4.15,broken clouds,2022-02-13 10:14:20
606,Ushtobe,KZ,45.2514,77.9838,-1.15,81,100,0.36,overcast clouds,2022-02-13 10:14:21
607,Barreirinha,BR,-2.7933,-57.07,22.84,98,100,1.16,overcast clouds,2022-02-13 10:14:22
608,Maragogi,BR,-9.0122,-35.2225,26.66,78,13,3.51,few clouds,2022-02-13 10:14:24
609,Nanortalik,GL,60.1432,-45.2371,-3.12,85,100,5.82,light snow,2022-02-13 10:14:25
610,Porohy,UA,48.6876,24.2632,-0.1,57,1,1.62,clear sky,2022-02-13 10:14:26
611,Peniche,PT,39.3558,-9.3811,15.34,85,98,6.79,overcast clouds,2022-02-13 10:14:31
612,Neuquen,AR,-38.9516,-68.0591,17.33,26,12,1.89,few clouds,2022-02-13 10:14:33
613,Xalpatlahuac,MX,17.4667,-98.6167,14.28,62,67,1.48,broken clouds,2022-02-13 10:14:34
614,Kichera,RU,55.9375,110.0997,-25.67,88,48,2.45,scattered clouds,2022-02-13 10:14:35
615,Santo Augusto,BR,-27.8508,-53.7772,18.06,99,60,2.52,broken clouds,2022-02-13 10:14:37
616,Ramgarh,IN,23.6333,85.5167,26.03,14,0,2.94,clear sky,2022-02-13 10:14:38
617,Ibra,OM,22.6906,58.5334,27.13,21,0,5.49,clear sky,2022-02-13 10:14:39
618,Muyezerskiy,RU,63.9333,31.65,-7.74,95,100,3.74,overcast clouds,2022-02-13 10:14:41
619,Sawai Madhopur,IN,25.9833,76.3667,24.41,18,0,0.57,clear sky,2022-02-13 10:14:42
620,Charters Towers,AU,-20.1,146.2667,25.25,66,7,6.44,clear sky,2022-02-13 10:14:44
621,Khudumelapye,BW,-23.8833,24.75,31.42,19,5,4.21,clear sky,2022-02-13 10:14:45
622,Xiongyue,CN,40.1774,122.1228,-3.43,54,86,6.63,overcast clouds,2022-02-13 10:14:47
623,Tornio,FI,65.8481,24.1466,-5.99,95,100,6.93,light snow,2022-02-13 10:14:49
624,Qasigiannguit,GL,68.8193,-51.1922,-11.86,95,100,3.08,overcast clouds,2022-02-13 10:14:50
625,Santa Ines,BR,-3.6667,-45.38,23.01,98,100,0.45,overcast clouds,2022-02-13 10:14:51
626,Novobiryusinskiy,RU,56.9578,97.7076,-15.44,89,98,3.12,overcast clouds,2022-02-13 10:14:53
627,Ajdabiya,LY,30.7554,20.2263,15.18,51,0,1.59,clear sky,2022-02-13 10:14:54
628,Berdigestyakh,RU,62.0989,126.6992,-24.65,100,100,0.76,overcast clouds,2022-02-13 10:14:58
629,Port Huron,US,42.9709,-82.4249,-7.7,75,100,2.06,overcast clouds,2022-02-13 10:14:59
630,Hargeysa,SO,9.56,44.065,24.76,36,41,8.44,scattered clouds,2022-02-13 10:15:01
631,Daugai,LT,54.3667,24.3333,0.57,54,94,5.99,overcast clouds,2022-02-13 10:15:02
632,Asbestovskiy,RU,57.7557,61.3967,-3.61,88,97,1.86,overcast clouds,2022-02-13 10:15:03
633,Hermosillo,MX,29.0667,-110.9667,18.84,22,98,2.24,overcast clouds,2022-02-13 10:15:05
634,Hastings,GB,50.8552,0.5729,8.54,80,100,11.9,overcast clouds,2022-02-13 10:15:06
635,Catamarca,AR,-28.4696,-65.7852,16.54,77,1,3.65,clear sky,2022-02-13 10:15:09
636,Talavera De La Reina,ES,39.9635,-4.8308,13.67,79,100,2.89,overcast clouds,2022-02-13 10:15:10
637,Enshi,CN,30.3,109.4833,9.8,73,45,0.66,scattered clouds,2022-02-13 10:15:11
638,Yenagoa,NG,4.9247,6.2642,34.06,46,65,1.34,broken clouds,2022-02-13 10:15:13
639,Verkhnevilyuysk,RU,63.4453,120.3167,-24.32,100,100,0.8,overcast clouds,2022-02-13 10:15:14
640,Buritis,BR,-15.6178,-46.4233,20.73,97,100,0.74,overcast clouds,2022-02-13 10:15:16
641,Dalvik,IS,65.9702,-18.5286,-14.04,74,13,5.27,few clouds,2022-02-13 10:15:17
642,Mianwali,PK,32.5741,71.5264,21.96,19,93,1.82,overcast clouds,2022-02-13 10:15:18
643,San Rafael,AR,-34.6177,-68.3301,14.57,38,1,2.01,clear sky,2022-02-13 10:15:20
644,Ena,JP,35.4498,137.4128,3.33,98,100,2.06,light rain,2022-02-13 10:15:21
645,Wuda,CN,39.4994,106.7117,-5.56,50,50,5.97,scattered clouds,2022-02-13 10:15:22
646,Dwarka,IN,22.2394,68.9678,23.98,43,0,5.75,clear sky,2022-02-13 10:15:25
647,Campbellsville,US,37.3434,-85.3419,-3.69,55,6,1.34,clear sky,2022-02-13 10:14:58
648,Karwar,IN,14.8,74.1333,29.37,48,0,4.83,clear sky,2022-02-13 10:15:27
649,Zhuanghe,CN,39.7008,122.9911,0.51,41,54,1.56,broken clouds,2022-02-13 10:15:29
650,Sambava,MG,-14.2667,50.1667,28.94,64,2,5.06,clear sky,2022-02-13 10:15:30
651,Normandin,CA,48.8333,-72.5321,-28.83,68,63,2.06,broken clouds,2022-02-13 10:15:32
652,Santa Vitoria Do Palmar,BR,-33.5189,-53.3681,16.43,82,87,4.49,overcast clouds,2022-02-13 10:15:33
653,Harper,LR,4.375,-7.7169,26.71,78,14,2.28,moderate rain,2022-02-13 10:15:34
654,Kasempa,ZM,-13.4584,25.8338,25.09,56,16,2.38,few clouds,2022-02-13 10:15:36
655,Vestmannaeyjar,IS,63.4427,-20.2734,0.55,86,40,12.35,scattered clouds,2022-02-13 10:15:37
656,Eyl,SO,7.9803,49.8164,28.77,53,76,9.32,broken clouds,2022-02-13 10:15:38
657,Soyo,AO,-6.1349,12.3689,28.21,71,97,2.62,overcast clouds,2022-02-13 10:15:40
658,Suntar,RU,62.1444,117.6319,-26.34,99,100,0.26,overcast clouds,2022-02-13 10:15:41
659,At-Bashi,KG,41.1702,75.8106,-4.5,81,60,0.35,broken clouds,2022-02-13 10:15:42
660,Ville-Marie,CA,47.3335,-79.433,-38.0,100,69,0.41,broken clouds,2022-02-13 10:15:44
661,Ust-Nera,RU,64.5667,143.2,-36.11,97,24,1.03,few clouds,2022-02-13 10:15:45
662,Najran,SA,17.4924,44.1277,19.36,24,12,2.81,few clouds,2022-02-13 10:15:48
663,Winneba,GH,5.3511,-0.6231,30.26,67,40,4.05,scattered clouds,2022-02-13 10:15:49
664,Boulsa,BF,12.6675,-0.5758,28.74,8,0,4.74,clear sky,2022-02-13 10:15:50
665,Progreso,MX,21.2833,-89.6667,21.06,90,70,9.14,broken clouds,2022-02-13 10:15:52
666,Saiha,IN,22.4833,92.9667,25.22,21,0,1.63,clear sky,2022-02-13 10:15:53
667,Andenes,NO,69.3143,16.1194,-2.01,64,75,6.17,broken clouds,2022-02-13 10:15:56
668,Gulbene,LV,57.1777,26.7529,-0.1,68,100,5.37,overcast clouds,2022-02-13 10:15:57
669,Visakhapatnam,IN,17.69,83.2093,26.94,44,20,5.66,haze,2022-02-13 10:15:58
670,Limbang,MY,4.75,115.0,28.92,82,83,1.44,moderate rain,2022-02-13 10:16:00
671,Tateyama,JP,34.9833,139.8667,6.96,87,75,4.63,light rain,2022-02-13 10:16:02
672,Kinsale,IE,51.7075,-8.5306,8.46,100,75,5.66,broken clouds,2022-02-13 10:16:04
673,Woodward,US,36.4337,-99.3904,-1.49,74,0,5.14,clear sky,2022-02-13 10:16:05
674,Kyra,RU,49.5776,111.9753,-24.65,92,82,0.57,broken clouds,2022-02-13 10:16:07
675,Iset,RU,56.9779,60.3718,-2.27,87,100,2.16,overcast clouds,2022-02-13 10:16:08
676,El Sauce,NI,12.8869,-86.539,22.51,78,9,2.17,clear sky,2022-02-13 10:16:10
677,Aksarka,RU,66.5606,67.7975,-21.36,99,98,2.6,overcast clouds,2022-02-13 10:16:11
678,Turbaco,CO,10.3294,-75.4114,23.86,88,40,2.06,scattered clouds,2022-02-13 10:16:12
679,Kruisfontein,ZA,-34.0033,24.7314,28.19,46,99,4.32,overcast clouds,2022-02-13 10:16:14
680,Morant Bay,JM,17.8815,-76.4093,25.79,79,18,5.71,few clouds,2022-02-13 10:16:15
681,Bandiagara,ML,14.3501,-3.6104,26.45,10,0,5.96,clear sky,2022-02-13 10:16:17
682,Bodaybo,RU,57.8506,114.1933,-32.1,99,51,1.05,broken clouds,2022-02-13 10:16:18
683,Sosnovo-Ozerskoye,RU,52.5249,111.5418,-25.09,96,98,1.72,overcast clouds,2022-02-13 10:12:12
684,Sosnogorsk,RU,63.6023,53.8817,-7.03,90,97,1.81,overcast clouds,2022-02-13 10:16:22
685,Yerbogachen,RU,61.2767,108.0108,-27.08,100,67,1.61,broken clouds,2022-02-13 10:16:24
686,Gao,ML,16.6362,1.637,26.81,7,0,4.37,clear sky,2022-02-13 10:16:25
687,Kara-Tyube,RU,44.6336,45.4369,5.47,45,98,7.49,overcast clouds,2022-02-13 10:16:26
688,Lebyazhye,RU,55.2689,66.4947,-13.35,92,71,1.53,broken clouds,2022-02-13 10:16:28
689,Oga,IT,46.4631,10.347,-1.84,41,55,2.15,broken clouds,2022-02-13 10:16:29
690,Korla,CN,41.7597,86.1469,3.47,31,100,1.47,overcast clouds,2022-02-13 10:16:31
691,Cooma,AU,-36.2333,149.1333,14.78,83,95,1.72,overcast clouds,2022-02-13 10:16:32
